Nama Produk,Nomor Izin Edar,Produsen / Pendaftar,Kandungan BKO
Daun Madu,TR No.993256492 / TR. 003207081,"PJ Daun Madu Alami, Jateng, Indonesia","Deksametason, Kafein, Paracetamol"
Hercules X,Dep Kes RI No. TR 064227346,PJ Strong King,"Kafein, Sildenafil"
Tusuk Jari Asam Urat,DEPKES RI NO TR995200721,UD AM Jaya Jawa Timur,"Natrium Diklofenak, Parasetamol"
Gemuk Sehat 151,TR003200761,PJ. Jaya Sari Guna Sakti,Parasetamol
Gemuk Sehat-Flu Tulang Asam Urat,DEPKES RI NO TR003200897,Jamu Jawa Solo,Parasetamol
Sari Buah Tin,TR233434231,PJ Bukit Tursina,Parasetamol
Serbuk Guna Sehat Encok GS No. 2,TR103215661,PJ Guna Sehat,Parasetamol
Sari Buah Naga Kapsul,TR993298384,PJ Nagamas Makmur,Parasetamol
Sari Binahong,TR879265203,PJ. Jaya Sukses – Jakarta,Parasetamol
"Ramuan Madura Asam Urat, Flu Tulang, Pegal Linu, Sakit Pinggang, Rheumatik, Kolesterol",POM NO TR. 023023493,PJ Jaya Sehat,Parasetamol
Ekstrak Buah Cherry,TR175088223,"PJ Jaya Mustika, Malang Indonesia",Parasetamol
Slim Strong,-,-,"Parasetamol, Sibutramin"
Jamu Urat Kuda Formula Plus,TR No 003407355,PJ Kuda Mas,"Parasetamol, Sildenafil"
Ramuan Urat Naga Super,-,-,"Parasetamol, Sildenafil Sitrat"
Beauslim,-,-,Sibutramin HCl
U-One Slimming Herbal,-,-,Sibutramin HCl
Moya Slimming,TR867011069781,-,Sibutramin HCl
AMK Madu Tonik Cap Kuda,TR226004231,"CV Agung Mandiri Kuat, Kebumen",Sildenafil Sitrat
Power Sex,TR. 003 223 465,"PJ KUAT SENTOSA, Madura, Jatim",Sildenafil Sitrat
Urat Naga,Depkes TR003206871,Pj. Naga Mas,Sildenafil Sitrat
Singa Barong,TR. NO.183311326,"PT Krisna Duta Atmodjo Jakarta, Indonesia",Sildenafil Sitrat
Strong Man Coffe Kopi Jantan Semulajadi,-,"Packed by : Worldgate vision Beverage Sdn Bhd, Malaysia  Distribution : Yongfatt Vision Trading",Sildenafil Sitrat
Jakarta Bandung Plus,TR103216168,"PD Jamu Moro Sehat, Jawa Tengah, Indonesia",Sildenafil Sitrat
Kopi Jantan +++,Dinkes PIRT 312327302031,Indo Sehat Abadi Indonesia,Sildenafil Sitrat
Kopi Harimau Hari Hari Mau,-,"Distributor: Max Mur Trading, Kuala Lumpur",Sildenafil Sitrat
Natural Herbs Coffee Kopi Panggung Al-Ambiak,-,"Ambiak Enterprise Sdn, Bhd. Malaysia",Sildenafil Sitrat
RUBE,TR203241591,CV GP Mandiri - Kab. Banyumas,"Sildenafil, Tadalafil"
DOXBA,TR213393421,CV GP Mandiri - Kab. Banyumas,"Sildenafil, Tadalafil"
DIENX CO,TR203241711,CV GP Mandiri - Kab. Banyumas,"Sildenafil, Tadalafil"
Jhi On,TR223024611,CV GP Mandiri - Kab. Banyumas,"Sildenafil, Tadalafil"
Cula Mas Asli,TR043111982,PJ Inti Alam Malang,Tadalafil
Urat Madu Extra Ginseng,DEP KES RI NO: TR164459772,PJ Air Madu Magelang,Verdenafil HCl
Beruang Emas,TR053899672,PJ Beruang Emas,Yohimbin HCl
Osagi Gajah Kuat,TR No.033226181,"PJ Sinar Manjur, Jateng Indonesia","Asam Mefenamat, Deksametason, Paracetamol, Prednisolon"
Super Sehat Gemuk Sehat 1,BH. NO. 10485-a/BH/VI Tgl.09-8 99,PJ. SUPER SEHAT,Deksametason
New Guna Sari Gemuk Sehat,DEPKES RI NO.,PJ. GUNA SARI,Deksametason
Kembar Putih,TR203612821,"CV Kembar Sejati, Banyuwangi",Deksametason
Jamu Jawa Asli Dua Singa (botol kaca),TR226020471,"CV. Rochman Jaya, Banyuwangi",Deksametason
Racik Remari,TR133668191,"CV Putri Sakti Husada, Banyuwangi",Deksametason
Jamu Racik Special Jawa Asli Tangkur Ginseng - Pegel Linu (Label Hitam),PerMenKes No: 492/MENKES/PER/IV/2010,"Perusahaan Jamu CV. Agung Prima, Solo -Indonesia",Deksametason
Sirandi (Botol Kaca),TR213632571,"CV Herbal Mulya, Banyuwangi","Deksametason, Fenilbutason, Parasetamol"
Redak-Sam,TR No.053348358,PJ URI Farmindo,"Deksametason, Fenilbutazon, Natrium Diklofenak, Parasetamol"
Jamu Jawa Asli Kembar Sari,TR203606181,"CV Kembar Sejati, Banyuwangi","Deksametason, Ibuprofen"
Jamu Jawa Asli Dua Singa (botol plastik),TR203689781,"CV. Rochman Jaya, Banyuwangi","Deksametason, Ibuprofen"
Sirandi (Botol Plastik),TR213624761,"CV Herbal Mulya, Banyuwangi","Deksametason, Parasetamol"
Muntalinu,TR003202841,PJ. Eyang Sepuh Magelang,"Deksametason, Parasetamol"
Jamu Racik Special Jawa Asli Tangkur Ginseng - Asam Urat (Label Merah),PerMenKes No: 492/MENKES/PER/IV/2010,"Perusahaan Jamu CV. Agung Prima, Solo -Indonesia","Deksametason, Parasetamol"
Godong Ijo,TR053348245,"PJ AIR MADU, Magelang, Indonesia","Deksametason, Parasetamol"
Madu Manggis,TR.053542603,"CV CIPTA UTAMA, Solo, Jawa Tengah","Deksametason, Parasetamol"
Tricapect,TR052350941,"PT Sinar Herba Radix, Tangerang","Efedrin HCl, Pseudoefedrin HCl"
Tou Gubao,-,Dahetang Medical Taiwan,Fenilbutason
Obat Gatal-Gatal Cap Cobra,TR993205571,PJ Ragil Sentosa,Klorfeniramin Maleat
Tang Bing Yao,-,Tidak terdapat informasi pada kemasan,Metformin
Asam Urat,Depkes. RI. TR 995200721,UD AM Jaya,Parasetamol
Guci Emas,TR11082600026,PJ Herbalindo Jaya Indonesia,Parasetamol
New Cobra Mas,TR053303551,PT Ragil Sukses,Parasetamol
Pemikat,Dep.Kes.RI.NOTR003203171,UD AM Jaya,Parasetamol
Super Kecetit Asam Urat,Dep. Kes RI. TDP. No. 110 826. 0074,PJ Muncul Jaya,Parasetamol
Xian Ling,TI051749334,Guizhou Tong Jitang Pharmaceutica Co. Ltd.,Parasetamol
Bintang Dua Mustika Dewa,TR003200581,PJ Bintang Dua -Kalipanas,Piroksikam
Slim By Mimo,-,Tidak terdapat informasi pada kemasan,"Sibutramin Hidroklorida, N-Desmetyl Sibutramin"
Ramping Herbal Alami RHA,-,Tidak terdapat informasi pada kemasan,"Sibutramin Hidroklorida, Sibutramin Hidroklorida"
Pinky,-,Tidak terdapat informasi pada kemasan,"Sibutramin Hidroklorida, Teofilin"
Africa Black Ant,TR883908922,PT Herbalcare Laboratories,Sildenafil Sitrat
Beruang Putih,TR053303551,PJ Surya Gemilang-Jakarta,Sildenafil Sitrat
Greeng Jos Kopi BAPAK,TR054348667,PT Herbal Farm.S-Jakarta,Sildenafil Sitrat
Hammer of Thor,-,Tidak terdapat informasi pada kemasan,Sildenafil Sitrat
Herb Viagra,-,Hong Kong Jingongfu Biotechnology Co. Ltd.,Sildenafil Sitrat
Kaplet C-100,-,Tidak terdapat informasi pada kemasan,Sildenafil Sitrat
Kopi Cethot,TR993299801,PJ Surya Mandiri,Sildenafil Sitrat
Kopi Rempah Grenk,TR053563947,PT. Iztana Zawiyah- Jakarta,Sildenafil Sitrat
Kuat Lelaki Suromadu 100 ml,TR053651371,UD Sido Mulyo,Sildenafil Sitrat
Lalake,TR103609301,Tidak terdapat informasi pada kemasan,Sildenafil Sitrat
Metal -X,TR003407351,PJ Karomah Wali Jakarta,Sildenafil Sitrat
Obat Kuat dan Tahan Lama Urat Jantan,TR043374561,PJ Sungai Mas-Makassar,Sildenafil Sitrat
Ramuan Pak Kumis 120 ml,Dep.Kes.RI.164/PSDK/BA-IKOT/VIII/2010,CV Sumber Sehat Lestari,Sildenafil Sitrat
Tangkur Ganas,-,PJ Putra Perkasa- Tangerang,Sildenafil Sitrat
Urat Madu Black,TR2011052023,PJ Air Madu-Magelang,Sildenafil Sitrat
Viagra Gold,-,Hong Kong Jingongfu Biotechnology Co. Ltd.,Sildenafil Sitrat
GS Serbuk Guna Sehat,-,Tidak terdapat informasi pada kemasan,Siproheptadin Hidroklorida
Obat Sakit Gigi Kombinastan,-,Tidak terdapat informasi pada kemasan,"Antalgin, Deksametason, Klorfeniramin Maleat, Parasetamol,"
Jamu Daun Dewa Pegel Linu,-,"Rumah Produksi Jamu ""Daun Dewa""",Asam Mefenamat
"Jamu ""Daun Dewa"" Asam Urat",TR043641511,CV Rizka Tegar Mulia,"Asam Mefenamat, Piroksikam"
Wantong Pegel Linu,TR083275091,Herbalindo SM,Deksametason
Pegal Linu Raja Madu Klanceng Plus,TR213643401,CV Herbal Mulya-Banyuwangi,"Deksametason, Fenilbutason"
Samuraten,TR043230731,PJ Akar Manggis-Jateng,"Deksametason, Parasetamol"
Gaining Weight Capsule,-,Sanming Pharmaceutical Factory Fujian- China,"Deksametason, Siproheptadin Hidroklorida"
Delcingfungsan Powder,TR102219591,PT Citra Deli Kreasitama- Tangerang,"Efedrin Hidroklorida, Pseudoefedrin Hidroklorida"
Delias (Ke Cie Siao Chuan Yen),TR042541471,PT Citra Deli Kreasitama- Tangerang,"Efedrin Hidroklorida, Pseudoefedrin Hidroklorida"
Gan Mao Tong Kaplet,TR212506811,PT Citra Deli Kreasitama- Tangerang,"Efedrin Hidroklorida, Pseudoefedrin Hidroklorida"
Pi Yen Pian,-,"Wuhan Zhonglian Pharmaceutical Co., Ltd","Efedrin Hidroklorida, Pseudoefedrin Hidroklorida"
Jawa Sehat,TR 163 698 571,"CV. Santoso, Banyuwangi","Fenilbutason, Parasetamol"
Burn 7,-,,Fenolftalein
Genesis Ultra Slim Gold,-,,"Fenolftalein, Sibutramin"
Imperia Elita Vitaccino Coffee Dietary Supplements,-,,"Fluoxetin, Sibutramin"
Livtone,-,,"Fluoxetin, Sibutramin"
ODD Bodha,-,-,Furosemid
Slimming product 2,-,,Furosemid
JKReks,TR 193 327 751,"PT. Akar Pinang Indonesia, Kuningan","Hidroksihomosildenafil, Hidroksithiohomosildenafil"
Lig-On,TR 183 319 721,"PT. Akar Pinang Indonesia, Kuningan","Hidroksihomosildenafil, Hidroksithiohomosildenafil"
Go-Rilla Formula,-,,Hidroksithiohomosildenafil
Maximan,TR 183 322 451,"PT. Sarakamandiri Semesta, Bogor Distributor: PT. Pelangi Indah Lestari",Hidroksithiohomosildenafil
Pink Pussycat,-,,Hidroksithiohomosildenafil
Gold Lion Gold Label 3000 mg,-,,"Hidroksithiohomosildenafil, Sildenafil"
Methyldrene 25,-,,"Efedrin Hidroklorida, Kafein, Yohimbin"
Perkasa Wali,TR 183 220 481,"PT. Jatim Herbal Perkasa , Ngawi","Kafein, Sildenafil Sitrat"
All Nite Long,-,,L-dopa
Masterbrain Kit Workout Supplement,-,,L-dopa
Cholestene,-,,Lovastatin
Huatuo Plaster,-,Fisherman Pharm. Co. Ltd.,Metil Salisilat
Lipstick 12000 mg,-,,Mitraginin
Red Shoe 1200 mg,-,,Mitraginin
Rhino XL 75K,-,,Mitraginin
Gan Mao Tong Tablet (Tanpa Izin Edar),-,Guangzhou Baiyunshan Mingxing Pharmacy,Natrium Diklofenak
Bling Bling Sister BBS Superman capsules,-,,"Orlistat, Sibutramin"
Away Tablet,-,"Guizhou Industries Sdn Bhd, Kuala Lumpur",Parasetamol
Bintang Dua Mustika Dewa,TR 003 200 581,"PJ. Bintang Dua, Kalipanas",Parasetamol
Jamu Tradisional Kumbang Mas,TR 943 274 671,"PJ. Tradisional, Solo",Parasetamol
Min Yar Zar- Swel Son Say,-,Min yar zar Traditional medicine production,Parasetamol
Rempah Alam Papua Buah Merah,TR 003 731 972,PJ. Rempah Alam Papua Indonesia,Parasetamol
Sari Kulit Manggis Asam Urat,TR 993 299 572,"PJ. Maju Jaya, Jawa Tengah",Parasetamol
Grain German Shepherd tablets,-,,"Parasetamol, Sildenafil"
Arizon,TR 183 319 741,"PT. Akar Pinang Indonesia, Kuningan","Parasetamol, Sildenafil Sitrat, Tadalafil"
Nitraflex,-,,Rauwolfia
Nitraflex + C,-,,Rauwolfia
Thermoxyn Weight Loss,-,,Rauwolfia
Nutriline Cleansline,-,Nutriline Concept Sdn. Bhd.,Senosida
Rozell Detox,-,,Senosida
Xsliim Botanical Beverage Mix Mango Powder with Garcinia Cambogia & Aloe Vera Extract,-,Grand U Empire,"Senosida, Sibutramin"
2 Weeks,-,,Sibutramin
365 Skinny High Intensity,-,,Sibutramin
AB SLIM Slim-cellulose Capsule,-,,Sibutramin
Choco Lose for Fitness,-,,Sibutramin
Clinic K,-,,Sibutramin
Flash Slim,-,,Sibutramin
Freaky Fitz,-,,Sibutramin
Fruta Planta,-,,Sibutramin
Kimiso Dark Chocolate,-,,Sibutramin
Leisure Capsule,-,,Sibutramin
Macha Cocoa,-,,Sibutramin
Miss Slim,-,,Sibutramin
Nutriline Thinsline,-,Nutriline Concept Sdn. Bhd.,Sibutramin
RO Slim Booster,-,,Sibutramin
Sislin 10 Krasne Capsule,-,,Sibutramin
Slimming product 1,-,,Sibutramin
Super Slim Green Lean Body capsules,-,,Sibutramin
Vy & Tea,-,,Sibutramin
Wholly Fitz,-,,Sibutramin
ODD Booster,-,-,Sibutramin Hidroklorida
RD Pelangsing Herbal Original (kemasan botol bulat),-,,Sibutramin Hidroklorida
RD Pelangsing Herbal Original (kemasan botol segi empat),-,,Sibutramin Hidroklorida
Fit Fit Day,-,,"Sibutramin, Fluoxetine dan Orlistat"
2000 Ginseng Red,-,,Sildenafil
Blackruby_shop,-,,Sildenafil
Boss Rhino Gold,-,,Sildenafil
Bow and Arrow,-,Med Man Distribution,Sildenafil
Chinese Family in Hong Kong Tablets,-,,Sildenafil
Dark Horse Capsules,-,,Sildenafil
Double Diamond,-,,Sildenafil
Enerup Premium,-,,Sildenafil
ErectMax,-,,Sildenafil
FX 3000,-,,Sildenafil
Gold Ant tablet,-,,Sildenafil
Gold Max Pink capsules,-,,Sildenafil
Grow XL Capsule,-,,Sildenafil
Maximum Power Bang All Night Long,-,,Sildenafil
Maxman XI tablets,-,,Sildenafil
Never Rest,-,,Sildenafil
OrgaZEN Gold 5800,-,,Sildenafil
Performance Plus,-,,Sildenafil
Power Max Revolution,-,,Sildenafil
Red-E male enhancement tablet,-,"The Protein Shoppe, LLC",Sildenafil
Rhino 12 Titanium 200K,-,,Sildenafil
Rhino 25 Platinum 25000,-,,Sildenafil
Rhino 25 Titanium 200K,-,,Sildenafil
S.W.A.G Sex with a grudge,-,,Sildenafil
Themra Epimedyumlu Bitkisel Karisimli Macun,-,,Sildenafil
Up2,-,Med Man Distribution,Sildenafil
V Max herbal tablets,-,,Sildenafil
Vigour 800 tablets,-,,Sildenafil
Vital Sex,-,,Sildenafil
XOXO Hard Rock,-,Dairy Jug,Sildenafil
YongGang tablets,-,,Sildenafil
Zing Plus,-,,Sildenafil
Black Ant King tablet,-,,Sildenafil and Siprofloksasin
One Night Love tablet,-,,Sildenafil and Siprofloksasin
Dragon 'Wolverine' tablets,-,,Sildenafil dan kloramfenikol
Big Penis,-,-,Sildenafil Sitrat
Black Gorilla,-,Hongkong Jingongfu Biotecnology,Sildenafil Sitrat
Black Panther,-,CV. Minak Jinggo,Sildenafil Sitrat
Buaya Jantan,TR 003 404 242,PJ. Herbalindo Jaya Indonesia,Sildenafil Sitrat
K.L.G Pills,-,"Biological Science and Technology Co.,Ltd.Polo.USA",Sildenafil Sitrat
Kuat Lelaki Genotan,TR 053 651 371,UD. Sido Mulyo,Sildenafil Sitrat
One Night Love,-,-,Sildenafil Sitrat
Paloma,TR 202 339 991,"PT. Akar Pinang Indonesia, Kuningan",Sildenafil Sitrat
Singa Super On,TR 063 660 321,"UD Dua Singa, Banyuwangi",Sildenafil Sitrat
Super Storm Vitam SS Health Supplement,-,,Sildenafil Sitrat
Urat Seribu,TR 110 826 00024,PJ. Herbalindo Jakarta,Sildenafil Sitrat
Parsi,TR 183 321 971,"PT. Akar Pinang Indonesia, Kuningan","Sildenafil Sitrat, Tadalafil"
2 Own The Knight Silver 4000,-,,"Sildenafil, Tadalafil"
Adam,-,,"Sildenafil, Tadalafil"
Adam,-,,"Sildenafil, Tadalafil"
Alpha-Male,-,,"Sildenafil, Tadalafil"
Balance X,-,,"Sildenafil, Tadalafil"
"Beast Natural Formula 41,000 MG capsules",-,,"Sildenafil, Tadalafil"
Big Rhino Diamond 100000,-,,"Sildenafil, Tadalafil"
Black Panther Extreme 25000,-,,"Sildenafil, Tadalafil"
Black Panther Extreme 25000,-,,"Sildenafil, Tadalafil"
Burro en Primavera 60000 Dietary Supplements,-,NS NY Distribution Inc.,"Sildenafil, Tadalafil"
Dragon 69 12000,-,,"Sildenafil, Tadalafil"
Elephant 9000,-,,"Sildenafil, Tadalafil"
Force G Men,-,,"Sildenafil, Tadalafil"
Furious X 1350,-,,"Sildenafil, Tadalafil"
Ginseng Power 5000,-,,"Sildenafil, Tadalafil"
H.R.D Tablets,-,,"Sildenafil, Tadalafil"
Herbal Blue,-,,"Sildenafil, Tadalafil"
Imperial Gold 2000 Dietary Supplements,-,,"Sildenafil, Tadalafil"
Imperial Platinum 2000 Dietary Supplements,-,,"Sildenafil, Tadalafil"
Infinity 10K capsules,-,,"Sildenafil, Tadalafil"
Kangaroo 2019 Mega 3000 tablets,-,,"Sildenafil, Tadalafil"
Libigrow 130K Platinum,-,,"Sildenafil, Tadalafil"
MaxxZEN Platinum 12000,-,,"Sildenafil, Tadalafil"
Poseidon Platinum,-,,"Sildenafil, Tadalafil"
Posseidon 3500,-,,"Sildenafil, Tadalafil"
PremierZEN Gold 7000,-,,"Sildenafil, Tadalafil"
PremierZEN Platinum 8000,-,,"Sildenafil, Tadalafil"
Premium OrgaZen 7000 Dietary Supplements,-,,"Sildenafil, Tadalafil"
Racing Bull 150K,-,,"Sildenafil, Tadalafil"
Rhino 7 platinum 25K,-,,"Sildenafil, Tadalafil"
Rhino Magnum XXL 100K,-,,"Sildenafil, Tadalafil"
Rhino SE7EN2,-,,"Sildenafil, Tadalafil"
Shiva gold,-,,"Sildenafil, Tadalafil"
Stiff Rox,-,,"Sildenafil, Tadalafil"
Titanium 18K,-,,"Sildenafil, Tadalafil"
Ultimate 3500,-,,"Sildenafil, Tadalafil"
XXX Platinum WOODIE,-,,"Sildenafil, Tadalafil"
Yin-Yang Essence Men Power,-,,"Sildenafil, Tadalafil"
Wild Bull Gold Extreme,-,,"Sildenafil, Tadalafil, Testosteron Propionate"
Lollipop,-,,"Sildenafil, Tadalafil, Yohimbin"
Rhino 7 Platinum 5000,-,,"Sildenafil, Yohimbin"
Ultra Hurricane X,-,,"Sildenafil, Yohimbin"
PS 21 Capsule / MAL15120007TC,-,"Ferno Industries Sdn. Bhd., Malaysia",Simvastatin
Ginseng Kianpi Pil,TI 094 408 235,"Greenherb Medical (M)SD BHD 22-26 Sarawak, Malaysia Importir: PT Sehat Anugrah Batam",Siproheptadin Hidroklorida
Ginseng Kianpi Pill,-,"Hongkong Wisdom Medical Factory II W, Hong Kong",Siproheptadin Hidroklorida
Tabib Guna Gemuk Sehat Sempurna,TR 003 921 411,PJ. Tunggal Wulung Jateng (Tidak terdaftar),Siproheptadin Hidroklorida
Active Male Capsule,-,,Tadalafil
Adam,-,,Tadalafil
Alpha Male Plus,-,,Tadalafil
Atomic 41000 mg,-,,Tadalafil
Black Mamba Premium 18000,-,,Tadalafil
Burro Power 300 K,-,,Tadalafil
Eruption 35000 mg,-,,Tadalafil
Harmony Sexual Enhancement,-,MFH International Enterprise (Canada) Inc.,Tadalafil
He Absolute King sachets,-,,Tadalafil
Jaguar 3000,-,,Tadalafil
Lucky Lady,-,,Tadalafil
Mojo Black Capsules,-,,Tadalafil
PremierZEN Black 5000 Dietary Supplements,-,,Tadalafil
PremierZEN Extreme 3000 Dietary Supplements,-,NS NY Distribution Inc.,Tadalafil
Rhino 11 platinum 200K,-,,Tadalafil
Rhino 15 Gum,-,,Tadalafil
Rhino 15VL Fruit; Mint,-,,Tadalafil
Rhino 25 Platinum 35000,-,,Tadalafil
Rhino 69 Platinum 35000,-,,Tadalafil
Rhino king 15000,-,,Tadalafil
Rhino Platinum 12 Platinum 150K,-,,Tadalafil
Rhino Super Long Lasting 200K,-,,Tadalafil
Rise 2.0 Liquid Cialis 30ml,-,,Tadalafil
Slam 29000 mg,-,,Tadalafil
Spanish Fly 22.000,-,,Tadalafil
Swiss Candy,-,,Tadalafil
Triple SupremeZEN Plus 3500 Dietary Supplements,-,,Tadalafil
X Rated Honey For Men,-,,Tadalafil
Tawon Liar kapsul,TR 093 513 151,PJ. Maju Jaya Bersama Indonesia,Tramadol
777,-,,Yohimbin
Africa Rhino Platinum 75K,-,,Yohimbin
Black Mamba Extreme 15000,-,,Yohimbin
Black Panther 200 K,-,Happy Miny,Yohimbin
Black Panther 350K,-,,Yohimbin
Black Panther Platinum 30K,-,,Yohimbin
FX 5000,-,,Yohimbin
Gold Rhino 100000,-,,Yohimbin
Passion Classic,-,,Yohimbin
Power Panther,-,,Yohimbin
Rhino 11 10k,-,,Yohimbin
Rhino Super Long Lasting 200K,-,Happy Miny,Yohimbin
Rising Phoenix,-,,Yohimbin
Super Mamba-Triple Maximum,-,,Yohimbin
The Original 3 Bullets Capsules,-,,Yohimbin
TNT Premium,-,,Yohimbin
Trojan-X 300K,-,,Yohimbin
Vigar X,-,,Yohimbin
White Mamba,-,,Yohimbin
X Panther 9X,-,,Yohimbin
X Panther Premium,-,,Yohimbin
Yohimbe HCL,-,,Yohimbin
U-Dream Full Night,-,Biotrade Canada Ltd.,Zopiclone
U-Dream Lite,-,Biotrade Canada Ltd.,Zopiclone
Li Da Daidaihua Weight Loss Capsule,-,,Acetaminofen dan Sibutramin
Winata (kemasan botol),TR 173 398 751,"PT. Bintang Mas Herbalindo, Bogor",Allupurinol
Winata (kemasan blister),TR 163 398 461,"PT. Bintang Mas Herbalindo, Bogor","Allupurinol, Deksametason"
Alien 2 Power Platinum 11000,-,,Aminotadalafil
FTK For Join Pain,-,FTK traditional medicine production,"Asam Mefenamat, Diklofenak, Parasetamol"
Chinese Zhigenduan,-,-,Asetosal
Zhigenduan,TR 202 364 061,"PT. Sinar Herba Radix, Tangerang","Asetosal, Parasetamol"
Impactra (Health Supplement),-,Gold Tree Pte Ltd,"Chloropretadalafil, Sildenafil, Tadalafil"
Lung Tan Tsao,-,,"Chlorpheniramin, Deksametason"
Mamba is Hero,-,,"Dapoksetin, Desmethyl Carbodenafil, Sildenafil"
Black Mamba 7K,-,,"Dapoksetin, Tadalafil"
Scorpion Natural Formula 41000 mg capsules,-,,"Dapoksetin, Tadalafil"
Titanium 12K,-,,"Dapoksetin, Tadalafil"
Angger Waras,TR 193 623 801,"CV. Putri Sejati, Banyuwangi",Deksametason
Bio Nervee,TR 193 437 221,"PT. Eleska Prima Tiga, Tangerang",Deksametason
Elang Mas,TR 203 615 671,"CV. Rochman Jaya, Banyuwangi",Deksametason
Jamu Dewo,-,"CV. Jaya Dewa Kreasi, Yogyakarta",Deksametason
Jamu Dewo Less Sugar,-,"CV. Jaya Dewa Kreasi, Yogyakarta",Deksametason
Jamu Dua Singa,TR 182 614 841,"CV. Rochman Jaya, Banyuwangi",Deksametason
Jamu Jawa Dwipa Cap Klanceng Sakti Putra Pegal Linu,TR 193 623 281,"CV. Tirta Sakti, Banyuwangi",Deksametason
Jamu Jawa Dwipa Cap Rempah Dewa Pegal Linu,TR 183 616 891,"CV. Tirta Sakti, Banyuwangi",Deksametason
Kunci Sejati (kemasan botol plastik),TR 183 614 961,"CV. Putri Sejati, Banyuwangi",Deksametason
Kunci Wasiat (kemasan botol kaca),TR 183 614 951,"CV. Putri Sejati, Banyuwangi",Deksametason
Kunci Wasiat (kemasan botol plastik),TR 183 614 971,"CV. Putri Sejati, Banyuwangi",Deksametason
Kunci Wasiat (kemasan sachet),TR 193 627 211,"CV. Putri Sejati, Banyuwangi",Deksametason
Urinary Pain Relief Tablets,-,"Tot Jum Chew Pte Ltd, Singapore","Deksametason, Betametason, Klorfeniramin"
Shen Qi Dan Bai Nian Cao Yao,-,,"Deksametason, Diklofenak, Frusemid, Klorfeniramin"
Racik Sewu,TR 133 668 201,"CV. Putri Sakti Husada, Banyuwangi","Deksametason, Fenilbutason"
Vitacino,-,"CV Sekar Kusuma, Bogor","Deksametason, Guaifenesin, Klorfeniramin Maleat, Parasetamol, Piridoksin Hidroklorida, Siproheptadin Hidroklorida"
Tian Ma Tu Chung Seven Leave Ginseng,-,,"Deksametason, Klorfeniramin"
Ricalinu,-,,"Deksametason, Meloksikam, Tramadol"
Pegel Linu Cap Akar Daun,TR 193 629 121,"CV. Akar Daun, Banyuwangi","Deksametason, Parasetamol"
Sinatren,TR 944 322 109,"Jamu Tradisional Sinatren, Karawang","Deksametason, Parasetamol, Prednison"
Herbulgari,-,,"Deksametason, Piroksikam"
Max Health Hydro Pinapple Burn,-,,Desisobutilbenzil-sibutramin
Bravo for Him,-,,"Desmethyl Carbodenafil, Sildenafil, Tadalafil"
Lishou Slimming Coffee,-,,"Desmetilsibutramin, Sibutramin"
RMFLEX,-,,Diklofenak
Seven Day Slim Capsules,-,,"Diklofenak,  Lidokain"
Kyal Phyu for Rheumatic arthritis and aching,-,Kyal Phyu Traditional Medicine Production,"Diklofenak, Parasetamol"
Tite Kyet- ford arthalgia,-,,"Diklofenak, Parasetamol"
Resurrection,-,,"Dypirone, Sildenafil, Tadalafil"
Chuanpect Pil,TR 122 466 681,"PT. Sinar Herba Radix, Tangerang","Efedrin Hidroklorida, Pseudoefedrin Hidroklorida"
Forvidna,TR 202 379 701,"PT. Sinar Herba Radix, Tangerang","Efedrin Hidroklorida, Pseudoefedrin Hidroklorida"
Ji Zhi Tang Jiang,TI 114 646 031,"PT. Sky One Health Care, Jakarta","Efedrin Hidroklorida, Pseudoefedrin Hidroklorida"
Lianhua Qingwen Jiaonang (Tanpa Izin Edar),-,"Shijiazhuang Yiling Pharmaceutical Co. Ltd, China","Efedrin Hidroklorida, Pseudoefedrin Hidroklorida"
Akar Ginseng Plus Buah Merah Asam Urat Flu Tulang,TR 003404733,PJ.Akar Ginseng Jakarta,Fenilbutason
Pil Kecethit,Depkes RI No TDP 115062551809,PJ Muncul Baru Jateng,Fenilbutason
Zhen Qi Jiang Tang Jiao Nang,TI 124 346 451,Harbin Tongyitang Pharmaceutical CO LTD,"Glibenklamid, Metformin"
Zhen Qi Jiang Tang Jiao Nang,POM TI 124346451,Harbin Tong Yi Tang Pharmaceutical Co Ltd,"Glibenklamid, Metformin"
Jamu Anlinu Cap Prono Jiwo,-,"UD Prono Jiwo, Rogojampi Banyuwangi","Ibuprofen, Prednisolon"
C&R Normal,-,-,"Fenofibrate, Kafein"
C&R Double Strong,-,-,"Furosemid, Kafein"
Buah Merah Papua,POM TR 003 202 652,PJ Jaya Utama Jawa,"Kafein, Parasetamol"
Bunga Mujarab,POM TR 003 200 961,PJ Bima Jaya Jateng,"Kafein, Parasetamol"
Rempah Kulit Manggis & Daun Sirsak,POM TR 082 485 211,-,"Kafein, Parasetamol"
Urat Madu Gold,Depkes RI TR 2011052625,PJ Air Madu Magelang,"Kafein, Parasetamol, Sildenafil Sitrat"
Cindelaras Capsul Lara Awak,Depkes. RI. No. TR. 001504411,"PJ. Bumi Putra Atmojo, jawa tengah",Parasetamol
Cindelaras Serbuk Lara Awak,Depkes. RI. No. TR. 001504411,"PJ. Bumi Putra Atmojo, jawa tengah",Parasetamol
Gatal-Gatal (Eksim) Cobra India,-,PT Serbuk Manjur Jaya,Parasetamol
Kemanden 1000 Nyeri Tulang,POM TR 033 142 532,PJ Sari Alami Jateng,Parasetamol
Ramuan Madura Asam Urat Flu Tulang,TR 023023493,PJ Omega,Parasetamol
Super Kecetit Asam Urat,-,PJ Muncul Jaya,Parasetamol
Crystal Black,POM TR 003404737,"PD. Djawi, Jakarta","Parasetamol, Sildenafil"
Buaya Jantan,TR 003 404 241,PJ. Herbalindo Jaya,Sildenafil
Landaq Extra Strong,Depkes RI no. 063237552,PJ. Landaq Blora,Sildenafil
Obat Kuat Dan Tahan Lama Galax,POM TR. 001 508 741,SM Jaya,Sildenafil
Don Juan X,-,-,Sildenafil Sitrat
Fly Kunchongfen,-,-,Sildenafil Sitrat
Kopi Stamina SB,TR 008882772,PJ. Sari Buana Jkt,Sildenafil Sitrat
Magic Green Tea,Dinkes PIRT 2093275020295-19,-,Sildenafil Sitrat
Magrafit (Produk Palsu),-,-,Sildenafil Sitrat
Mettal Kuda Liar,TR 993 299 701,PJ. Kuda Sumbawa,Sildenafil Sitrat
Obat Kuat X Class @Ne,-,"PJ. Kidang Mas, Makassar",Sildenafil Sitrat
Tongkat Arab,TR 034334842,"PJ. Intan Perkasa, Jakarta",Sildenafil Sitrat
Samyun Wan Kapsul,TI 004 515 915,PT Sentosa Usaha Mandiri,Siproheptadin
Asid Urik,TI 094 407 753,MCM Phamaceutical (M) Sdn. Bhd.,Allupurinol
Pil Tupai Jantan Asli,-,Perusahaan Nyonya Marketing enterprise Sarawak,"Asam Mefenamat, Deksametason"
Lemon Fit,-,"Body perfector Resources, Selangor","CTM, Deksametason, Furosemid, Sibutramin"
Simbatren,-,PJ Rusa Emas,"CTM, Parasetamol"
Asam Urat Cap Madu Tawon,POM TR.053 542 602,CV. Cipta Utama Jawa Timur,Deksametason
Pegal Linu Cap Madu Tawon,POM TR.053 542 602,CV. Cipta Utama Jawa Timur,Deksametason
Jamu Asam Urat Cap Dua Raja Singa,TR. 053350501,"UD. Sehat Perkasa, Jatim - Indonesia","Deksametason, Fenilbutason"
Kuda Liar Sumbawa,-,PJ Prima Sehat Tangerang,"Deksametason, Fenilbutason"
Prosehat Asam Urat,Depkes RI TR 993 003 671,PJ Putra Makmur Jateng Indonesia,"Deksametason, Parasetamol, Prednison"
Prosehat Asam Urat,Depkes RI TR 993 003 671,PJ Putra Makmur Jateng,"Deksametason, Parasetamol, Prednison"
Govit,-,-,"Deksametason, Siproheptadin"
Jamu Jawa Asli Cap Sari Widoro (Lalurat),TR 063 660 511,UD Sumber Manjur,Fenilbutason
Jamu Pegal Linu Asam Urat Sari Widoro (Lalurat),TR 063 660 511,UD Sumber Manjur,Fenilbutason
Ginseng Kianpi Pil,-,"Sian Chinese Drug Pharmaceutical Works, Sian China","Klorfeniramin Maleat, Siproheptadin"
Kapsul Asy Syifa Al Karomah,TR No.KDP 004371169,Perusahaan Jamu Al Karomah Indonesia,Parasetamol
C & R,-,,Sibutramin Hidroklorida
Obat Kuat dan Tahan Lama Pagi,TR 2113053027,PJ Bintang Pagi Surabaya,Sildenafil Sitrat
Shenzhi Bao Capsule,TI 074324611,"Jilin Biology Research Institute Co. Ltd, China","Tadalafil, Vardenafil Hidroklorida"
Pegal Linu Madu Klanceng,TR 063659731,"UD Telaga Ayu Mandiri, Jawa Timur, Indonesia",Fenilbutason
Pegel Linu Asam Urat Jago Joyokusumo,-,CV Nusantara Jaya Jatim Banyuwangi,Fenilbutason
Pegel Linu Asam Urat Madu Klanceng,TR 063659731,"UD Telaga Ayu Mandiri, Banyuwangi, Jawa Timur",Fenilbutason
Tawon Hutan kapsul,POM TR C 001400127006,PT Jaya Sentana Indonesia,Fenilbutason
Yaostein BS kapsul,POM TR 061738555,"PJ Pharma Herbal Indonesia, Jakarta","Fenilbutason, Parasetamol"
Jamu Super On Jago Perkasa,-,CV Nusantara Jaya Jatim Indonesia,"Fenilbutason, Sildenafil Sitrat"
Xin Huang Pian,TI 124546861,Xiamen Traditional Chinese Medicine Co. Ltd,Indometasin
Anti Loyo Super Tangkur Ginseng,Depkes RI No. 060/IKOT/BWI/97,"CV Pedang Kipas, Banyuwangi","Kafein, Natrium Diklofenak, Parasetamol"
Jamu Racik Spesial Jawa Asli,Depkes RI No. 060/IKOT/BWI/97,"CV Pedang Kipas, Banyuwangi","Kafein, Natrium Diklofenak, Parasetamol"
Carnoherbal tablet,POM TR 113513151,PT Indo Sehat Abadi,"Kafein, Parasetamol"
Asam Urat Klanceng Putih,IKOT: 132/IKOT/JATIM/VII/2000,"CV Pedang Kipas, Banyuwangi","Natrium Diklofenak, Parasetamol"
Akar Mujarab serbuk,POM TR 993997200,"PJ Pandu Siwi Sentosa, Jakarta",Parasetamol
Asmur Asam Urat Flu Tulang serbuk,POM TR 033228621,PJ SS Sari,Parasetamol
Jawara kapsul,TR 123329641,CV Jampi (Jamu Terapi Indonesia) Tangerang Indonesia,"Parasetamol, Sildenafil sitrat"
Tangkur Madu,P-IRT 1.09.3401.03.502,"Tangkur Madu Indonesia, Wates","Parasetamol, Sildenafil sitrat"
Tangkur Perkasa kapsul,TR 993203771,PJ Panca Sehat Jaya Jateng - Indonesia,"Parasetamol, Sildenafil sitrat"
Purba Salam serbuk,TR 013212881,PJ Bintang Dua Kali Panas - Indonesia,Piroksikam
Tong Mai Jiaonang,TI 144348561,"Shanxi Renyuantang Pharmaceutical Co., Ltd",Propoksifenilhidroksi homosildenafil
ELT Guren,TR 163297141,"CV Basmallah Food, Bekasi","Propoksifenilhidroksi homosildenafil, Thiodimetilsildenafil"
Body Slim Herbal,-,BSH Advanced Technology & Strong Formula,Sibutramin Hidroklorida
Green World Slimming Capsule,TI 124347171,"World (Tianjin) Nutrition & Health Food Co. Ltd, China",Sibutramin Hidroklorida
Kapsul Pasak Bumi,TR 123366551,"Griya An Nur, Bekasi",Sildenafil sitrat
KJX kapsul,POM TR 163397301,"CV GZH, Tangerang",Sildenafil sitrat
New Provitas Sehat Pria kapsul,TR 152384051,"PT Sinar Kaliman Sehat, Jakarta - Indonesia",Sildenafil sitrat
Pandawa kapsul,POM TR 163396441,"CV Vermindo Internasional, Bogor - Indonesia",Sildenafil sitrat
Purwoceng kapsul,TR 133367031,"CV Toga Nusantara, Bekasi - Indonesia",Sildenafil sitrat
Sangrenggo kapsul,TR 143383601,"Griya An Nur, Bekasi",Sildenafil sitrat
Trica Juice serbuk,-,Buatan Malaysia (Made in Malaysia),Sildenafil sitrat
Tangkur Cobra serbuk,TR 093211141,PT Maju Jaya Bersama Indonesia,"Sildenafil Sitrat, Tadalafil"
Gemuk Sehat sebuk,TR 003200121,"PJ Jaya Husada, Tuban, Jawa Timur, Indonesia",Siproheptadin Hidroklorida
Romeo Plus serbuk,DINKES no 5103674030225-20,PT Mitra Abadi Nutraceutical / www.ernestherbal.com,Thiodimetilsildenafil
Asamulin kapsul,TR 062355311,IP Farma - Indonesia,Allupurinol
Bioslim Herbal Tablet,POM TI 054519281,"BOSS Pharmaceuticals AG, Switzerland",Bisakodil
Wan Tong Pegal Linu cairan obat dalam,TR 073375011,PJ Lebah Sakti Herbal,"Deksametason, Fenilbutason"
Bunga Rosela Ramuan Tradisional,TR 846057328,"PJ Sari Bunga Alami, Jateng - Indonesia","Diklofenak, Parasetamol"
Asam Urat Kayu Sanrego kapsul,Depkes PO 03.02.4.1.3.13347,Sanrego Horse,Fenilbutason
Dewa Kayu Kayu Sanrego,Depkes RI PIRT 2093275010498-21,Mandiri Herbal,Fenilbutason
Kayu Sanrego Asam Urat & Rematik kapsul,Din.kes RI 2093275010498,Mandiri Herbal,Fenilbutason
Pegal Linu Asam Urat,-,CV Nusantara Jaya Jatim Indonesia,Fenilbutason
Than Niao Pao kapsul,TI 104309735,"Megas Plus Medical, Hongkong",Glibenklamid
Wei Yi Wang,TI 114 344 531,"Jiangsu Haihong Pharmaceutical Co. Ltd., China",Glibenklamid
Penafit,TR 053 342 781,"PT Sari Pusaka, Jakarta","Hidroksihomosildenafil, Hidroksithiohomosildenafil"
Tongkat,TR 113 324 581,"PT Hari Fatma, Jakarta","Hidroksihomosildenafil, Hidroksithiohomosildenafil"
Es Be,TR 113 324 511,"PT Hari Fatma, Jakarta",Hidroksithiohomosildenafil
Ko Pel,TR 113 324 591,"PT Hari Fatma, Jakarta",Hidroksithiohomosildenafil
Bulesa,TR 103 318 181,CV Jampi (Jamu Terapi Indonesia),"Kafein, Parasetamol, Sildenafil Sitrat"
Japasa,TR 103 318 171,CV Jampi (Jamu Terapi Indonesia),"Kafein, Parasetamol, Sildenafil Sitrat"
Longplay Herbal for Men kapsul,TR 112328031,"PJ Akar Sehat, Bandung - Indonesia","Kafein, Sildenafil Sitrat"
Naga Api cairan obat dalam,-,PJ Jaya Wardana Rogojampi,"Kafein, Sildenafil Sitrat"
Asam Urat + Ginseng Corea serbuk,TR 033222792,PD Shadewo Sinar Jaya Purwokerto,Natrium Diklofenak
KBM Kapsul Asam Urat,TR 003200521,PJ Sari Manjur Alami Indonesia,Natrium Diklofenak
SBM Extra Strong,TR 053246391,PJ Sumber Manjur Alami Indonesia,Natrium Diklofenak
Sam Shi Asam Urat Pengapuran kapsul,TR 053218428,PJ Gwan San Jatim Indonesia,"Natrium Diklofenak, Piroksikam"
Daun Mujarab,TR 073368521,PJ Warisan Jaya Indonesia,Parasetamol
Tolak Linu,TR 001 508 731,PT SM Jaya Jateng,Parasetamol
X-Hot Extra Strong kapsul,TR 015964788,PJ Akar Wangi,"Parasetamol, Sildenafil"
Tawon,TR 090224332,PT Maju Bersama,Piroksikam
Slimplus,TR 113 322 611,Citra Mandiri Cemerlang,Sibutramin Hidroklorida
Jamu Stamina Sepia,TR 05334821,PJ Sumber Makmur Mandiri,Sildenafil sitrat
Mahkota Herbal Supplement for Men,TR 072367671,IP Farma Indonesia,Sildenafil sitrat
Pendekar,TR 143 278 221,"CV Sehat Sejahtera, Cilacap",Sildenafil sitrat
Power-Fit kapsul,TR 053342123,"PT Duta Cemerlang, Jakarta",Sildenafil sitrat
Pasama,TR 043 336 351,"PT Akar Pinang, Jawa Barat","Sildenafil Sitrat, Thiosildenafil"
Ginseng Kianpi Capsule,TI 104375415,"CV Anugerah Makmur Abadi, Semarang",Siproheptadin Hidroklorida
Natural Herbal Penggemuk Badan,TR 032329911,"PT Sari Herbal, Jakarta - Indonesia",Siproheptadin Hidroklorida
Czar,TR 101 315 801,"PT Aditama Raya Farmindo, Surabaya",Tadalafil
Truman,TI 024 304 341,"Nanzing Zhenren Health Giving Co, Ltd","Tadalafil, Thiodimetilsildenafil"
Vigpower Capsule,TI 124 346 481,"World (Tianjin) Nutrition & Health Food Co., Ltd","Tadalafil, Vardenafil Hidroklorida"
Ailos,TR 103 319 651,PT Esa Mulia,Thiodimetilsildenafil
Linusend,TR 073 374 311,PT IP Farma,Allupurinol
Rica Linu,TR 062 262 321,IP Farma,Allupurinol
Ricasamlang,TR 062 355 311,IP Farma,Allupurinol
Ricasamlang Asam Urat Flu Tulang,TR 062 255 521,"PT IP Farma, Tangerang",Allupurinol
Samrenu,TR 113 323 411,Citra Mandiri Cemerlang,Allupurinol
Lagirisa Herbal 44,DBL 100650560141,Klinik Lagirisa Herbal Raha - Indonesia,Deksametason
Seven Leave Ginseng,TI 114435316,CV Anugrah Mandiri Batam,Deksametason
Seven Leave Ginseng pil,TI 104435329,,Deksametason
Tian Ma Tu Chung Seven Leave Ginseng pil,TI 104435329,,Deksametason
Raja Tawon cairan obat dalam,TR 972689013,CV Tjipta Bahagia Banyuwangi,"Deksametason, Fenilbutason"
Aura Kapsul Asam Urat,-,PJ Citra Rejeki Mandiri Indonesia,Fenilbutason
Jamu Jawa Asli Cap Akar Rempah Alam,TR 973689013,PJ Muncul Banyuwangi,Fenilbutason
Jamu Jawa Dwipa Cap Mahkota Dewa cairan obat dalam,TR 013611121,CV MA Jawa Timur,Fenilbutason
Extra Murinda,TR 053345527,"PT Iztana Zawiyah, Jakarta Indonesia","Fenilbutason, Natrium Diklofenak, Parasetamol"
Jamu Asam Urat ++ Akut Menahun,TR 134334842,PJ Sampokong Jaya Cina Tiongkok,"Fenilbutason, Natrium Diklofenak, Parasetamol"
Jamu Lotus,-,PJ Alam Segar Krian - Indonesia,"Fenilbutason, Natrium Diklofenak, Parasetamol"
Asmat,TR 272015593,"PJ Putri Makasar, Makasar - Indonesia","Fenilbutason, Parasetamol"
Bunga Sakti Plus Sirih Merah,TR 993703181,PJ Bunga Sakti Jateng Indonesia,"Fenilbutason, Parasetamol"
Daun Sambung Nyowo,TDP 1108700617,PJ Usfi Jaya Jawa Tengah - Indonesia,"Fenilbutason, Parasetamol"
Simurat 99,TR 003486781,Perusahaan Jamu Dulang Mas Jakarta -Indonesia,"Fenilbutason, Parasetamol"
Sledri Mahkota Dewa Asam Urat Flu Tulang,TR 993299431,PJ Sido Jaya Jawa -Indonesia,"Fenilbutason, Parasetamol"
Erefit,TR 101 320 271,"PT Dipa Pharmalab Intersains, Majalengka","Hidroksihomosildenafil, Hidroksithiohomosildenafil"
Gagah Perkasa,TR 132 373 761,"PT Herbalindo Mandiri Sentosa, Tangerang","Hidroksihomosildenafil, Hidroksithiohomosildenafil"
Lanza,TR 132 373 771,"PT Herbalindo Mandiri Sentosa, Tangerang","Hidroksihomosildenafil, Hidroksithiohomosildenafil"
LT,TR 123 366 291,"PT Mahkotadewa Indonesia, Jakarta","Hidroksihomosildenafil, Hidroksithiohomosildenafil"
Soprima,TR 132 372 311,"PT Puspa Pharma, Jakarta","Hidroksihomosildenafil, Hidroksithiohomosildenafil"
Purwoceng Xtra,TR 111 324 351,"PT Industri Jamu Cap Jago, Semarang","Hidroksihomosildenafil, Hidroksithiohomosildenafil, Thiosildenafil"
Reksicap,TR 053 348 621,"PT Alomampa Persada, Jakarta","Hidroksihomosildenafil, Hidroksithiohomosildenafil, Thiosildenafil"
Reksicap Gold,TR 053 348 621,"PT Alomampa Persada, Jakarta","Hidroksihomosildenafil, Hidroksithiohomosildenafil, Thiosildenafil"
Magra,TR 142 379 681,"PT Herbalindo Mandiri Sentosa, Tangerang","Hidroksihomosildenafil, Thiosildenafil"
Ever Joy,SD 031 311 031,"PT Harsen Laboratories, Jakarta",Hidroksithiohomosildenafil
Pasangma,TR 132 373 421,"PT Dipa Pharmalab Intersains, Majalengka",Hidroksithiohomosildenafil
Sparta X,SD 081 335 111,"PT Dipa Pharmalab Intersains, Majalengka",Hidroksithiohomosildenafil
Everon,TR 132 368 281,"PT Alomampa Persada, Jakarta","Hidroksithiohomosildenafil, Thiosildenafil"
Maxio,TR 142 379 351,"PT Midix Graha Farma, Sukabumi","Hidroksithiohomosildenafil, Thiosildenafil"
New Prozos,TR 113 326 581,"PT Saraka Mandiri Semesta, Bogor","Hidroksithiohomosildenafil, Thiosildenafil"
Jiangsuan Zhitong Capsule,TI 064 323 221,Xiamen Traditional Chinese Medicines,"Indometasin, Kafein"
Caissar,TR 104322341,"PJ Sinar Bulan, Probolinggo","Kafein, Sildenafil Sitrat"
Cap Payung Super Ramuan Tradisional Madura diracik sempurna dan halal oleh K. Sa,Depkes RI 110/IKOT/Jatim/ XI/1999,CV Wahyu Ilahi,Natrium Diklofenak
Jamu Asam Urat dan Pengapuran Xian Tong,TR 073739584,PT Warisan Jaya,"Natrium Diklofenak, Parasetamol"
Kapsul Asam Urat Laba-Laba,TR 113657432,Indo Sehat Abadi,"Natrium Diklofenak, Parasetamol"
Mahhabbah kapsul,TR 113 327 841,PT Lutfiah L Sakinah Jakarta - Indonesia,"Natrium Diklofenak, Parasetamol"
Amutik cairan obat dalam,TR 123 665 121,"IKOT Kunci Mas, Banyuwangi",Parasetamol
Asam Urat + Flu Tulang Ginseng Plus (Pegal Linu),TR 003201531,PJ Serbuk Alian Jateng Indonesia,Parasetamol
Asmulin serbuk,TR 113732005,"Indo Sehat Abadi, Indonesia",Parasetamol
Borneo Jamu Pegal Linu dan Asam Urat,TR 053348168,PJ Ramuan Dayak Martapura Banjarmasin,Parasetamol
Buah Merah Asam Urat Flu Tulang,TR 993728003,PJ Rempah Jaya Papua Jateng Indonesia,Parasetamol
Buah Rosela,TR 846057288,"PJ Sari Buah Alam, Jateng - Indonesia",Parasetamol
Daun Encok,TR 952299721,UD Lantaran Jaya,Parasetamol
Daun Madu,TR 993256492,PJ Daun Alami Jateng Indonesia,Parasetamol
Duta Sehat kapsul,TDP 11085606093,PJ Duta Sehat Jateng Indonesia,Parasetamol
Ekstrak Kapsul Pace - G,Depkes RI No. 11082600024,"PJ Sinar Walet, Jawa Tengah",Parasetamol
Extra Binahong,TR 026761327,"PJ Padha Jaya Abadi, Surabaya - Indonesia",Parasetamol
Extrak Kapsul Tujuh Daun,TR 003998331,"PJ Rempah Alam Jawa, Jateng - Indonesia",Parasetamol
Laba Laba Jamu Asam Urat,TR 113657431,Indo Sehat Abadi - Indonesia,Parasetamol
Obat kuat dan Tahan Lama Urat Halus,TR 004661051,PJ Makasar Jateng Indonesia,Parasetamol
Osagi Obat Sakit Gigi,-,PJ Sukses Makmur Solo - Indonesia,Parasetamol
Potre Koneng,Depkes RI 893/13.20/ HPK/IV/99,PD Potre Koneng Jawa Timur Indonesia,Parasetamol
Sesak Nafas + Batuk Asthma Ginseng Plus,TR 003201531,PJ Serbuk Alian Jateng Indonesia,Parasetamol
Shing See Bebas Nyeri Lambung,TR 083275775,Sido Maju Indonesia,Parasetamol
Top Jaya Sakti Gemuk Sehat,TR 003200431,PJ Amrih Sehat Jateng Indonesia,Parasetamol
3 Kuda,TR 003202921,"PJ Pasuma X, Jateng -Indonesia","Parasetamol, Sildenafil sitrat"
Jamu Kuat Urat Naga,TR 003202841,PJ Onta Mas Jateng Indonesia,"Parasetamol, Sildenafil sitrat"
Kuda Sumbawa Obat kuat dan Tahan Lama,TR 034334841,PJ Kuda Sumbawa Indonesia,"Parasetamol, Sildenafil sitrat"
Max Jozz,TR 993205581,PT Neurotransmiter Indonesia,"Parasetamol, Sildenafil sitrat"
Obat Kuat & Tahan Lama Obaku,TR 053252499,PJ Madura Sakti Indonesia,"Parasetamol, Sildenafil sitrat"
Obat Kuat & Tahan Lama Purbax,TR 053231771,PJ Purba Dua Lima Jakarta Indonesia,"Parasetamol, Sildenafil sitrat"
Super Jiwo 88,TR 003407351,"PJ Citra Jaya Abadi, Jateng - Indonesia","Parasetamol, Sildenafil sitrat"
Plus Herbal Slim,TR 024405102,PT Sari Herbal Jakarta,Sibutramin Hidroklorida
Emperor Huang Saint Medicine,-,China,Sildenafil sitrat
Gali Gali Xtra Strong,TDP 110816500741,PT Intigo Abadi Indonesia,Sildenafil sitrat
Gali Strong,POM TDP 11016500741,PT Intigo Abadi Indonesia,Sildenafil sitrat
Gatot K-Ca Ginseng,TR 053246561,PJ HD Jaya Indonesia,Sildenafil sitrat
Gatot K-Ca Khusus Untuk Pria,TR 062425533,PJ HD Jaya Indonesia,Sildenafil sitrat
Gula-Gula Obat Kuat & Tahan Lama,TR 20110722005,"PJ Mandra Guna Sakti, Surabaya - Indonesia",Sildenafil sitrat
Jaguar Black,TR 034335877,PJ Macan Kumbang Jawa Barat,Sildenafil sitrat
Jakarta Bandung kapsul,TR 103216169,"PD Jamu Moro Sehat, Jawa Tengah",Sildenafil sitrat
Jakurek,TR 093 399 981,"PT Akar Pinang, Jawa Barat",Sildenafil sitrat
Jipin Srigala Biru (Jipin Lang Yi Hao),-,-,Sildenafil sitrat
King Cobra,TR 053347161,PJ Sampoerna Jaya,Sildenafil sitrat
Kuntala,TR 093 399 221,"PT Akar Pinang, Jawa Barat",Sildenafil sitrat
Le Produit de Aprodisiaque,-,-,Sildenafil sitrat
Magic Penis,-,"Shineway Pharmaceutical Group, Tibet",Sildenafil sitrat
Milado,TR 093 300 011,"PT Akar Pinang, Jawa Barat",Sildenafil sitrat
Nangen Zengzhangsu,-,Hebei Liquan Bio Engineering Co. Ltd,Sildenafil sitrat
Neolaqi,TR 123 363 761,"PT Mahkotadewa Indonesia, Jakarta",Sildenafil sitrat
New Bintang-Bintang Tangkur Cobra,TR 013211141,"PJ Bintang Bintang, Talangmas Indonesia (di kotak) PJ Bintang Dua Kalipanas",Sildenafil sitrat
Obahma,TR 143336861,"PJ Semar Mesem, Solo - Jawa Tengah",Sildenafil sitrat
Obat Kuat Jet Lee,-,China,Sildenafil sitrat
Power Dragon kapsul,TI 094340741,NHK Hongkong,Sildenafil sitrat
Power Sex Extra Stronge,TR 933200694,Bina Perkasa Lab Malang,Sildenafil sitrat
Shiatsu,TR 003677534,"PJ Sukses Abadi, Medan -Indonesia",Sildenafil sitrat
Tongkat Naga kapsul,TR 033227432,PJ Multi Sari Manjur Jakarta,Sildenafil sitrat
Top Sex Obat Kuat & Tahan Lama,TR 006602906,PJ Sari Kuat Jawa Indonesia,Sildenafil sitrat
Enjoy,SD 031 309 051,"PT Harsen Laboratories, Jakarta","Sildenafil Sitrat, Hidroksihomosildenafil,  Hidroksithiohomosildenafil"
Jamparing,TR 093 399 991,"PT Akar Pinang, Jawa Barat","Sildenafil Sitrat, Tadalafil"
Maca MX,SI 074 225 261,,"Sildenafil Sitrat, Tadalafil"
Pinaksi,TR 093 304 831,"PT Akar Pinang, Jawa Barat","Sildenafil Sitrat, Tadalafil"
Pinakso,TR 093 304 821,"PT Akar Pinang, Jawa Barat","Sildenafil Sitrat, Tadalafil"
Ginseng Kianpi Capsule,TI 113324425,Chung Santang Medical Co Ltd Beijing,Siproheptadin Hidroklorida
Mencap,TR 082 396 241,"PT Alomampa Persada, Jakarta",Thiodimetilsildenafil
Tricajus,TI 104 242 341,"Solar Victory Sdn. Bhd. Malaysia untuk Health & Health Marketing Sdn. Bhd, Malaysia",Thiodimetilsildenafil
Jianbu Huqian Wan,TI 094408731,Guangzhou San You Brothers Biotechnology Co. Ltd,"CTM, Deksametason"
Leaves God Ginseng,TI 094452731,Guangzhou San You Brothers Biotechnology Co. Ltd,Deksametason
Seven Leave Ginseng,TI 094408731,Guangzhou San You Brothers Biotechnology Co. Ltd,Deksametason
Tabib Guna Gemuk Sehat Sempurna,TR 003921411,PJ Tunggul Wulung,Deksametason
Tian Ma Tu Chung Seven Leave Ginseng,TI 095364758,"Guangzhou San You Brothers Biotechnology Co., Ltd",Deksametason
Jamu Tradisional Pegal Linu Cap Madu Manggis,TR 973689033,"Perusahaan Jamu Muncul, Banyuwangi","Deksametason, Fenilbutason"
Ginseng Kianpi Pil,TI 004400911,,"Deksametason, Siproheptadin Hidroklorida"
Bunga Teratai,TR 200561670,"PJ Jaya Sentosa, Garja - Indonesia",Fenilbutason
Fung She Gu Tong Wan,TR 054617111,The People,Fenilbutason
Kuda Hitam serbuk,TR 993299421,"PJ Serbuk Berkhasiat, Jateng, Indonesia",Fenilbutason
Pegal Linu Cap Kuda Balap cairan obat dalam,TR 063 660 301,"UD Kuda Balap, Banyuwangi",Fenilbutason
Pegal Linu Cap Tunjung Biru cairan obat dalam,TR 063 660 331,"IKOT Putri Kembar, Banyuwangi - Jawa Timur",Fenilbutason
Pegal Linu Husada cairan obat dalam,TR 143 676 881,"CV Putri Husada, Jawa Timur",Fenilbutason
Raja Tawon cairan obat dalam,TR 972689013,"UD Muncul, Banyuwangi",Fenilbutason
Remak cairan obat dalam,TR 123 665 111,"IKOT Kunci Mas, Banyuwangi",Fenilbutason
Habbatussauda kapsul,TR 003200591,Pabrik Jamu Ibnu Sina Jakarta,"Fenilbutason, Parasetamol"
Pusaka 9 Dewa serbuk,TR 003200811,PJ Suman Jaya Jateng,"Fenilbutason, Parasetamol"
Sari Manggis kapsul,TR 022325393,Alam Makasar Sulawesi,"Fenilbutason, Parasetamol"
Kapsul Diabetes 919,TR 043340941,"PT Hanaka Farmasindo, Jakarta",Glibenklamid
Xiaokewan Diabepil,TR 102419314,PT Herba Utama Abadi,Glibenklamid
You Jiang Tang tablet,TR 112523021,PT Herba Utama Abadi Indonesia,Glibenklamid
Niao Suan Wan kapsul,TI 024899647,Zidetang Pharmaceutical Co. Ltd,"CTM, Deksametason, Kafein, Prednisolon"
Cobra Sakti,TR 993299041,PT Sim Jaya Jawa Tengah Indonesia,"CTM, Kafein"
Cobra Sakti kapsul,TR 993299041,PT SM Jaya Jateng - Indonesia,"CTM, Kafein"
Chong Cao HouZao Beimu Zhike kapsul,TI 084271147,"PT Utama Gemilang, Jakarta","Deksametason, Kafein, Klorfeniramin maleat, Natrium Diklofenak, prednisolon"
Than Niao Pao Cap Semut,TI 094349571,Guangzhou Sun You Brothers Biotech,"Glibenklamid, Kafein"
Assalam kapsul,KDP 003372489,PJ Asli Sari Alam,"Natrium Diklofenak, Parasetamol"
Asam Urat dan Pegal Linu Mahkota Dewa serbuk,TR 003200291,PJ Mandi Rasa Solo,Parasetamol
Bugarin kaplet,TR 201105011,PJ Mahkota Mas Malang,Parasetamol
Daun Dewa kapsul,TR 002200761,PJ Daun Istimewa Makassar Indonesia,Parasetamol
Daun Tapak Liman kapsul,TR 026781325,Surya Bintang Asli Lampung - Indonesia,Parasetamol
Gatal-Gatal & Alergi Kulit kapsul,TR 003202013,PJ Sari Jamu Indonesia,Parasetamol
Jamu Tradisional Kuda Liar kapsul,Depkes RI 443.5/5/8/856,PJ Kuda Liar RCK Jabar,Parasetamol
Remurat Obat Herbal Asam Urat cairan obat dalam,TR 123456789,Indo Alami Herbal,Parasetamol
Sari Buah Naga kapsul,TR 053282251,PJ Bintang Timur Jateng Indonesia,Parasetamol
Sehat Badan,TR 003208411,"PJ Nyior Koneng, Surabaya",Parasetamol
Singset Alami kapsul,TR 063337691,PJ Air Mas Jawa Tengah,Parasetamol
Xtra Kuat kapsul,TR 993207304,PT Mitra Sejati Bandung - Indonesia,"Parasetamol, Sildenafil"
Jak-Sing serbuk,TR 103218563,PD Kuda Mas Jakarta Indonesia,"Parasetamol, Sildenafil sitrat"
Kopi Rempah Grenk,TR 053563947,"PT Iztana Zawiyah, Jkt","Parasetamol, Sildenafil sitrat"
Magix Sexs kapsul,TR 006543798,CV Norindo Farma KO Jakarta Indonesia,"Parasetamol, Sildenafil sitrat"
Puyer Obat Kuat Tahan Lama Bali-Bali On kapsul,TR 063789149,PJ Jaya Makmur Indonesia,"Parasetamol, Sildenafil sitrat"
Sehat Langsing kapsul,TR 2011070010,"PJ Serbuk Sari Mas, Surabaya - Indonesia",Piridoksin
Shen Ling Asam Urat Pegal Linu serbuk,TR 083601312,HSM,Piroksikam
Xian Ling kapsul,TI 051749334,Guizhou Tongjitang Pharmaceutical Co. Ltd,Piroksikam
Langsing kapsul,TR 072348261,PJ Puspo Sariayu Solo,Sibutramin hidroklorida
Sehat Langsing,TR 2011070010,PJ Serbuksari Mas,Sibutramin hidroklorida
Bima Sakti Obat Kuat Tahan Lama kapsul,TR 20110721001,PJ Ramuan Pandawa Semarang,Sildenafil sitrat
Herbal Pria serbuk,TR 053248761,PJ Herbal Nusantara Solo - Indonesia,Sildenafil Sitrat
Jamu Sehat Pria Kelabang Raja cairan obat dalam,-,UD Alang-Alang Jatim,Sildenafil sitrat
Jamu Sura Madu cairan obat dalam,TR 053651371,"PJ Tangkur Ginseng, Banyuwangi - Jatim - Indonesia",Sildenafil sitrat
Jamu Tradisional Jantan Pria Li-Ceng Swie Madu Klanceng,TR 063659731,"PT Gading Oci Purnama Setia, Banyuwangi",Sildenafil sitrat
Obat Kuat dan Tahan Lama Dracula Xtra Strong serbuk,TR 003822101,"CV Vito Mega Farma, Jakarta",Sildenafil Sitrat
Sehat Perkasa Goro-Goro serbuk,TR 993294988,PJ Kuda Sumbawa Jakarta - Indonesia,Sildenafil sitrat
Sehat Pria serbuk,TR 063264501,"PJ Herbal Nusantara, Solo",Sildenafil Sitrat
Singha X-Tra Dahsyat Obat Kuat dan Tahan Lama kapsul,TR 053348869,PJ Air Madu Magelang,Sildenafil sitrat
Urat Kuda Ginseng & Sanrego serbuk,TR 006407353,"PJ Kuda Liar, Jakarta",Sildenafil Sitrat
Herbal Plus kapsul,TR 073367411,PJ Herbal Nusantara,"Sildenafil Sitrat, Tadalafil"
Kioe Kiet Ban Eng San,TR 963286731,"PJ Dhoho, Kediri",Sulfametoksazol
Kapsul Asam Urat Uri Cacide,TR 033322511,"PT Hanaka Farmasindo, Jakarta",Antalgin
Chuifong Toukuwar (Sakit Kepala) pil,TL 861415651,PT Nanlien Utama Pharmindo,Asam mefenamat
Raga Prima Cap Payung serbuk,TR 053245591,CV Firdha Prima Surabaya - Indonesia,Deksametason
Tou Gubao kapsul,TI 024406247,Dahetang Medical Co. Ltd. Taiwan,Deksametason
Antoyo Kunci Mas cairan obat dalam,TR 063660351,PJ Kunci Mas Jawa Timur - Indonesia,"Deksametason, Fenilbutason, Parasetamol"
Jamu Rematon Cair Cap Burung Dua Sayap,TR 043635731,"IKOT Itarindo, Kediri",Fenilbutason
Klanceng Putih,TR 063660511,"UD Super Manjur, Banyuwangi - Jatim - Indonesia",Fenilbutason
Berkah Husada Pegal Linu serbuk,TR 002200241,PJ Berkah Rizki Sejahtera Tangerang,"Fenilbutason, Parasetamol"
Ekstrak kapsul Sumber Syariat Cap Kuda Liar,TR 993312551,"PJ Sumber Syariat, Jateng - Indonesia","Fenilbutason, Parasetamol"
Thing Bao Sari Mahkota Dewa kapsul,TR 003257405,PJ Rempah Shing Sae Indonesia,"Fenilbutason, Parasetamol"
Daun Binahong kapsul,TR 026781326,Surya Bintang Lampung,"Fenilbutason, Parasetamol, Piroksikam"
Saplingtan Powder,TI 104242771,Ling Chi Medicine Co. (H.K.) Ltd.,"Kafein, Parasetamol"
Tawon Liar kapsul,TR 093513151,PJ Maju Jaya Bersama Indonesia,"Kafein, Parasetamol"
Urat Kuda kapsul,TR 003407351,PT Kuda Sumbawa,"Kafein, Parasetamol, Sildenafil"
Chang San Beruang kapsul,TR 993203581,"PJ Wang Jaya Link, Jakarta - Indonesia","Kafein, Parasetamol, Sildenafil Sitrat, Tadalafil"
Jak-Ban serbuk,TR 103216168,"PD Jamu Moro Sehat, Jawa Tengah - Indonesia","Kafein, Sildenafil Sitrat"
Urat Dewa kapsul,TR 063313621,"PJ Waluhur, Jateng - Indonesia","Kafein, Sildenafil Sitrat"
Sari Pinang serbuk,TR 003210731,PT Sari Pinang,Natrium Diklofenak
Asmur TOP (Topnya Anti Asam Urat) kapsul,TR 053353061,"PJ Warisan Satu, Purwokerto","Natrium Diklofenak, Parasetamol"
Akar Ginseng serbuk,TR TDP 11082600024,"PJ Yogatama Jateng, Indonesia",Parasetamol
Buah Merah Plus Sea Horse dan Ginseng,TR 034334855,"PT Rajafarma, Jakarta",Parasetamol
Jamu Tradisional Jaya Prima Gemuk Sehat A1,TR 993299351,"PJ Jaya Prima, Jateng - Indonesia",Parasetamol
Jamu Tradisional Wali Songo kapsul,TR 0532448111,"PJ Sami Jaya, Jateng",Parasetamol
Jinten Hitam kapsul,TR 025889129,"Surya Bintang Putra, Lampung - Indonesia",Parasetamol
Kapsul Asam Urat Flu Tulang Cikunguya Cap Suramadu kapsul,TR 043230731,"PJ Suramadu, Indonesia",Parasetamol
Kapsul Istimewa Gemuk Sehat,TR 11082600024,PJ Guna Istimewa,Parasetamol
Pegal Linu dan Asam Urat Herbalin,TR 113369638,"PT Yakin Anugerah Utama, Solo - Indonesia",Parasetamol
Surya Java kapsul,TR 002200761,PJ Surya Java,Parasetamol
Tupai Jantan kapsul,TR 032299554,"PJ Ramuan Shin She, Sintang - Indonesia",Parasetamol
Zam,TR 993727111,PJ Zam,Parasetamol
Dewi Pelangsing,TR 053463843,"PJ Cahaya Mas, Jakarta - Indonesia","Parasetamol, Sibutramin Hidroklorida"
Kopi Rempah Cap Luwak Cobra serbuk,TR 053345423,"PT Iztana Zawiyah, Jakarta - Indonesia","Parasetamol, Sildenafil sitrat"
Obat Kuat Tahan Lama Pusaka Madu Ekstra Strong,TR 003200591,"PJ Ragil Jaya, Tangerang - Indonesia","Parasetamol, Sildenafil sitrat"
Shuyga kapsul,TR 043100615,Mega Raya Indonesia,"Parasetamol, Sildenafil sitrat"
Urat Madu Black kapsul,TR 003221661,"PJ Air Madu, Magelang - Indonesia","Parasetamol, Sildenafil sitrat"
Zinkzhae,TR 053345554,Majelis Spiritual Hikmah,"Prednison, Siproheptadin hidroklorida"
Guar Gum Suplemen Serat Tinggi,-,-,Sibutramin Hidroklorida
Lida Slimming Capsule,TR 062455411,"PT Sinar Maju Makmur, Cianjur",Sibutramin hidroklorida
Africa Black Ant kapsul,TR 883906922,PT Herbal Care Laboratories Jakarta,Sildenafil sitrat
Honeymoon serbuk,SI 210625799,Powerfull Sdn Bhd,Sildenafil sitrat
Jamu Amat Kwat cairan obat dalam,13611663,CV Prima Sakti,Sildenafil sitrat
Jamu Gali-Gali cairan obat dalam,TR 990234234,"CV Kuda Terbang, Madura",Sildenafil sitrat
Long Hwa Tibet Tianxiong 100 mg tablet,-,-,Sildenafil sitrat
Obat Kuat Tahan Lama Gali-Gali Asli kapsul,TR 043129228,"CV Buaya Jantan, Tangerang Indonesia",Sildenafil sitrat
On Man Pembangkit Tenaga Perkasa cairan obat dalam,TR 013611681,"CV Prima Sakti, Indonesia",Sildenafil sitrat
One Night 8 Times kapsul,-,-,Sildenafil sitrat
Viagra X kapsul,TR 013221151,"PJ Duta Perkasa Mandiri, Central Java - Indonesia",Sildenafil sitrat
Ibnu Sina kapsul,TR 053147569,"PJ Ibnu Sina, Jakarta - Indonesia","Sildenafil Sitrat, Tadalafil"
Ramuan Tradisional (Demuk) Gemuk Sehat dan Nafsu Makan kapsul,TR 003211215,"PJ Demuk Sehat, Solo - Indonesia",Siproheptadin Hidroklorida
Performa Epimedium kapsul,TI 114345501,TJ,Tadalafil
Alma Ramping Ayu kapsul,TDP 110852408142,"PJ Gatra Sanjaya, Indonesia",Teofilin
Sesak Nafas Batuk Asma serbuk,TR 003201591,"CV Mahkota Dewa Ferbindo, Jakarta",Teofilin
Cantik Langsing kapsul,TR 053346721,Tazkia Herbal Jatim Indonesia,Bisakodil
Kapsul Istimewa Gemuk Sehat,TR 11082600024,PJ Guna Istimewa Jateng,Deksametason
Zhui Feng Tan pil,TI 074426111,Guangzhou San You Brothers Biotechnology Co. Ltd,Deksametason
Asam Urat Jamur Mas cairan obat dalam,TR 063659731,"PT Gading Oci Purnama Setya, Jawa Timur - Indonesia","Deksametason, Fenilbutason"
Pegal Linu Cap Madu Klanceng cairan obat dalam,TR 063659731,"PT Gading Oci Purnama Setya, Jawa Timur - Indonesia","Deksametason, Fenilbutason"
Ramuan OT Husada Dewa Plus Sirih Merah,TDP 11082600024,"CV Berlian Mega Farma, Jakarta - Indonesia","Deksametason, Parasetamol"
Amuraten cairan obat dalam,TR 033327481,PT Herba International,"Deksametason, Parasetamol, Piroksikam"
Buah Naga Merah kapsul,TR 073370291,"PJ Alam Papua, Jateng",Fenilbutason
Jamu Jawa Dwipa Cap Tawon Klanceng cairan obat dalam,TR 043634361,"UD Putri Kinasih, Banyuwangi - Jawa Timur",Fenilbutason
Jamu Tradisional Asam Urat Cap Madu Klanceng cairan obat dalam,TR 063659731,"UD Telaga Ayu Mandiri, Banyuwangi, Jawa Timur",Fenilbutason
Jamu Tradisional Asam Urat Cap Madu Klanceng cairan obat dalam,TR 063659731,"UD Gading Oci Purnama Setya, Jatim",Fenilbutason
Obat Herbal Pegal Linu dan Asam Urat Madu Twn Klanceng cairan obat dalam,TR 063659731,"UD Sambiroto, Jawa Timur",Fenilbutason
Pegal Linu Lalurat Cap Madu Klanceng cairan obat dalam,TR 063659731,"PT Gading Oci Purnama Setya, Jawa Timur - Indonesia",Fenilbutason
Pegel Linu Mahkota Dewa cairan obat dalam,IKOT NO. P2T 116/03.10/VIII/2010,"CV Prima Sentosa, Jawa Timur - Indonesia",Fenilbutason
Labaik kapsul,688 251 265 007 8,"PT Trisno Cipta Usaha, Cirebon","Fenilbutason, Metampiron, Parasetamol"
Jamu As-Syifa Izza Cikungunya,TR 053 345 531,PT. Izza Mandiri Sukses Jakarta Indonesia,"Fenilbutason, Parasetamol"
Jamu As-Syifa Izza Kecethit,TR 053 345 890,PT. Izza Mandiri Sukses Jakarta Indonesia,"Fenilbutason, Parasetamol"
Jamu Pil Panatik,TR 971134621,PJ Putra Mahakam Kaltim - Indonesia,"Fenilbutason, Parasetamol"
Remasyah serbuk,TR 993298381,"PJ. Remasyah, Jateng","Fenilbutason, Parasetamol"
Rhemalin,TR 003201674,PJ Tri Tanjung,"Kafein, Parasetamol, Piroksikam"
New Anrat Jamu Tradisional Jaya,TR 993 203 841,"PJ. Jaya Asli, Cilacap",Metampiron
"Daun Bidara Jamu Asam Urat, Pegal Linu Plus Sakit Gigi",TR 025466629,"PJ. Mutiara Sehat, Lampung","Natrium Diklofenak, Parasetamol"
Teratai Putih kapsul,TR 043230731,"PJ Teratai Putih, Jateng","Natrium Diklofenak, Parasetamol"
Alfa Salam Batuk Pilek,TR 003203489,PJ. Doa Ibu Jakarta,Parasetamol
Asam Urat Flu Tulang Mahkota Mas kapsul,TR 003203021,"Gold Dragon Herb, Semarang",Parasetamol
Jamu Urat Laga Obat Kuat Tahan Lama,-,Indonesia,Parasetamol
Raga Prima Asam Urat Flu Tulang Pengapuran kapsul,TR 033429702,"PJ. Bayu Saputra Jaya, Tangerang",Parasetamol
Neo Rematik,TR 003766246,"PJ Dita Farmasi, Kudus","Parasetamol, Prednison"
Jamu Encok Asam Urat Akar Dewa Rasa Pahit dan Rasa Manis,TR 043 634 331,UD. Citra Alam,Piroksikam
Pegal Linu Asam Urat Akar Dewa,TR 043 634 311,UD. Citra Alam,Piroksikam
Pegal Linu Cap Kuda Laut,TR 113 628 211,UD. Citra Alam,Piroksikam
ABC Acai Berry kapsul lunak,-,M.G.L (HK),Sibutramin Hidroklorida
Acai Berry kapsul lunak,-,,Sibutramin Hidroklorida
Obat Kuat dan Tahan Lama Sarang Madu,TR 082572693,"PJ. Multi Sari Manjur, Jakarta",Sildenafil Sitrat
Hwang Di Dong Chong Xia Cao kapsul,TI 064320081,,"Sildenafil sitrat, Tadalafil, Vardenafil hidroklorida"
Gemuk Sehat Nafsu Makan Akar Dewa,TR 063 659 371,UD. Citra Alam,Siproheptadin Hidroklorida
Penyehat Badan Cap Kuda Laut,TR 013611111,CV. Kuda Laut Banyuwangi,Siproheptadin Hidroklorida
Kupu-Kupu Malam serbuk,TR 001508741,"PT. SM Jaya, Jateng",Tadalafil
Men Li kapsul,TR 093 308 161,CV. Mega Maju Mekar,Tadalafil
Jamu As-Syifa Tumpas Plus Habbatussauda,TR 053 345 734,PT. Izza Mandiri Sukses Jakarta Indonesia,Teofilin
Pil Ramuan Shin She Merah Delima,66754317,PJ Mustika Alam Banten - Indonesia,"Asam Mefenamat, Natrium Diklofenak, Parasetamol,"
Pegel Linu Asam Urat Akar Dewa serbuk,TR 033218101,"UD Citra Alam, Jatim","Asam Mefenamat, Piroksikam"
Pegal Linu Prono Jiwo cairan obat dalam,TR 053651401,"UD Prono Jiwo, Banyuwangi",Fenilbutason
Asam Urat Nyeri Tulang Cap Gunung Krakatau serbuk,TR 993200421,"Citra Herbindo Utama, Jakarta","Fenilbutason, Parasetamol"
Buah Naga kapsul,TR 003228621,Lebah Makasar,"Fenilbutason, Parasetamol"
MD dan SM Obat Asam Urat Nyeri Tulang/Sendi Cicunguya kapsul,TR 993201183,PJ. Ramuan Dayak,"Fenilbutason, Parasetamol"
Tangkur Cobra Laut kapsul,TR 993728001,PJ. Bima Perkasa,"Natrium Diklofenak, Sildenafil Sitrat"
Dewa Dewi kapsul,TR 993299761,"PJ. Kurnia, Jateng",Parasetamol
Kapsul Telat Bulan (Tiauw Keng Poo Sae),TDP 11072600063,"Tabib Jaya Sakti, Jawa Tengah",Parasetamol
Lebah Mutiara Asam Urat kapsul,TR 043274672,Perusahaan Jamu Tradisional Solo,Parasetamol
Lebah Mutiara Gatal-Gatal kapsul,TR 943274672,Perusahaan Jamu Tradisional Solo,Parasetamol
Pil Anti Sakit Gigi Plus Pak Tani tablet,TR 003503787,Sari Tani Jateng,Parasetamol
Scorpion kapsul,TR 202568336,"PJ. Sinar Makmur, Madura",Parasetamol
Tiger Fit Asam Urat Flu Tulang kapsul,TR 048473777,Akar Tiongkok Indonesia,Parasetamol
Obat Kuat dan Tahan Lama Super X kapsul,TR 053347131,PJ. Husodo Jaya,"Parasetamol, Sildenafil sitrat"
Linu Rat kapsul,TR 003202171,PJ. Sido Mekar,Piroksikam
Kuat Tahan Lama Surabaya Madura serbuk,TR 001508741,PJ. Racikan Madura,Sildenafil sitrat
Obat Kuat dan Tahan Lama Powerman kapsul,TR 893518902,"Indo Alam Perkasa, Denpasar",Sildenafil sitrat
Power Up kapsul,-,Tibet Sheng Yang Bioengineering Co. Ltd.,Sildenafil sitrat
Prima Setia kapsul,403.10.16.2001,"CV. Manshuba Indo Herba, Jakarta",Sildenafil sitrat
Spider kapsul,TR 9935758412,"PJ. Sinar Makmur, Madura",Sildenafil sitrat
Poten-Zhi kapsul,TR 042337421,"PT. Daxen Indonesia, Bogor",Tadalafil
Jamu Cap Putri Sakti Penyehat Badan (Penggemuk Badan) cairan obat dalam,TR 013611911,"CV Putri Sakti Husada, Jawa Timur",Fenilbutason
Jamu Tradisional Jawa Asli Cap Putri Sakti cairan obat dalam,TR 103609311,"CV Putri Sakti Husada, Jawa Timur",Fenilbutason
Asam Urat + Flu Tulang Ramuan Mahkota Dewa kapsul,TR 043232991,"KOPJA Aneka Sari Unit III, Gunung Sugih, Cilacap","Fenilbutason, Parasetamol"
Buah Delima Darah Tinggi kapsul,TR. 003200351,"PJ. Amrih Sehat, Cilacap","Fenilbutason, Parasetamol"
Pegal Linu Rheumatik Asam Urat Untuk Pria dan Wanita Kuat Sentosa serbuk,TR 003201201,"PJ. Gaya Baru, Cilacap","Fenilbutason, Parasetamol"
Wei Yi Xin Kapsul,TI. 054318261,Jiangsu Haihong Pharmaceutical Co Ltd. China,Glibenklamid
Flu Tulang serbuk,TR. 003201889,"PJ. Tri Tunggal, Kroya, Cilacap",Metampiron
Tenaga Sehat Pegal Linu serbuk,TR 993205671,"PJ. Tenaga Sehat, Cilacap",Metampiron
Serbuk Brastomolo,TR.003200521,"PJ. Sari Manjur, Cilacap",Natrium Diklofenak
Godong Ijo kapsul,TR 053348245,"PJ. Air Madu, Magelang","Natrium Diklofenak, Parasetamol"
Pegal Linu dan Asam Urat Montalin kapsul,TR 053348358,"PJ. Air Madu, Magelang","Natrium Diklofenak, Parasetamol"
5X Lebih Dahsyat Obat Kuat dan Tahan Lama tablet,-,PJ. Singa Laut,Parasetamol
Akar Jawa China kapsul,TR 993203391,"PJ. Bintang Genta Buana, Jateng",Parasetamol
Asam Urat Flu Tulang Super kapsul,TR.993201183,"PJ. Ramuan Makassar, Cilacap",Parasetamol
Asam Urat Flu Tulang Super tablet,TR.993201183,"PJ. Ramuan Makassar, Cilacap",Parasetamol
Asam Urat Kaler Untuk Pria dan Wanita serbuk,TR 063256361,"PJ. Berkah Jaya, Cilacap",Parasetamol
Buah Delima kapsul,TR. 003200351,"PJ. Amrih Sehat, Cilacap",Parasetamol
Buah Merah Khusus Pria dan Wanita kapsul,TR 993298401,(tidak tercantum),Parasetamol
Chang San serbuk,TI. 053147558,"PJ. Akar Mujarab, Cilacap",Parasetamol
Gemuk Segar Eka Jaya No. 1 serbuk,TR 003202021,"PJ. Satu Jaya, Kopja Aneka Sari, Cilacap",Parasetamol
Gemuk Sehat kapsul,TR 993299801,PJ. Pusaka Kraton Jawa,Parasetamol
Gemuk Sehat Pusaka Raga serbuk,TR 993299721,"PJ. Bani Sahad, Cilacap",Parasetamol
Gemuk Sehat Untuk Pria dan Wanita Jati Sehat,TR.003201301,"PJ. Salira Jaya, Cilacap",Parasetamol
Linzhe Ba Zi Hu Zin Lin tablet,-,"New Ving Hong Enterprise, Perak, Malaysia",Parasetamol
Morinda Extra Ginseng kapsul,-,PJ. Rizki Sukses Abadi,Parasetamol
Multi Guna Kaler Untuk Pria dan Wanita serbuk,TR 063256441,"PJ. Berkah Jaya, Cilacap",Parasetamol
Pakar Jaya Asam Urat Si Tangkur serbuk,TR. 04322961,"PJ. Pakar Jaya, Cilacap",Parasetamol
Pegal Linu Eka Jaya No. 2 serbuk,TR 003201891,"PJ. Satu Jaya, Kopja Aneka Sari, Cilacap",Parasetamol
Puji Sehat Gemuk Sehat serbuk,TR. 004307121,"PJ. Puji Sehat, Cilacap",Parasetamol
Samurat Extra Untuk Pria dan Wanita serbuk,TR 053244441,"PJ. Serbat Mujarab, Cilacap",Parasetamol
Top Jaya Sakti kapsul,TR. 003200351,"PJ. Amrih Sehat, Cilacap",Parasetamol
Walet Mas serbuk,TR. 03201611,"PJ. Sekar Arum, Cilacap",Parasetamol
Yin Chiao tablet,TL 022500161,"PT. Herba Aneka Semesta, Tangerang",Parasetamol
Kammasutera serbuk,TR 002301821,"PJ. Sari India, Jakarta",Sildenafil Sitrat
Kuat Jantan Obat Kuat dan Tahan Lama kapsul,TR 043374561,PJ. Benua Mas,Sildenafil Sitrat
New Happy Strong kapsul,-,(tidak tercantum),Sildenafil Sitrat
On-Top kapsul,-,"Putra Jaya Melaka, Malaysia",Sildenafil Sitrat
Pae Obat Kuat dan Tahan Lama kapsul,TR 003233252,PJ. Tujuh Empat,Sildenafil Sitrat
Power Sex kapsul,DOO 20073684521433,PJ. Kuat Sentosa,Sildenafil Sitrat
Torpedo serbuk,TR 983295251,PJ. Segurah,Sildenafil Sitrat
Yunang kapsul,TR 993298384,"PJ. Air Madu, Magelang",Sildenafil Sitrat
Obat Kuat Tongkat Mesir serbuk,TR 053426391,PJ. Bintang Pasir,Tadalafil
Keteling Jiaonang,TI 034305831,Produsen tidak jelas (tulisan kanji),CTM
Obat Gatal-Gatal (Eksim) Brantas kapsul,TR.993205601,"PJ. Ampuh Jaya, Cilacap",CTM
Asam Urat Nyeri Tulang Pengapuran kapsul,TR 073037291,"PJ. Alam Papua, Cilacap",Fenilbutason
Gajah Kuat tablet,TR 033226181,PJ. Pasific Trafic,Fenilbutason
Pegal Linu Sari Widoro COD,TR 043634361,"IKOT Putri Kinasih, Banyuwangi",Fenilbutason
Sukma Perkasa Asam Urat serbuk,TR 053248601,"PJ. Akar Perkasa,Cilacap",Fenilbutason
"Brantas, Obat Asam Urat Rheumatik, Nyeri Tulang Kapsul",TR.993205591,"PJ. Ampuh Jaya, Cilacap","Fenilbutason, Parasetamol"
"Buah Naga, Asam Urat dan Nyeri Tulang Kapsul",TR.043230711,"PJ. Dua Walet, Kopja Aneka Sari, Cilacap","Fenilbutason, Parasetamol"
Dua Walet Amrat Serbuk,TR.043230711,"PJ. Dua Walet, Cilacap","Fenilbutason, Parasetamol"
Kembang Wijaya Serbuk,TR.033226251,"PJ. Fisabillah, Cilacap",Metampiron
Zhong Gan Ling Pian Tablet,TI. 041502671,Heping Pharmaceutical Factory Guangdong China,Metampiron
Zhongganling Pian Tablet,TI. 064520261,Guangdong Jiaying Pharm Co. Ltd,Metampiron
Akar Dewi Putri Multi Khasiat Serbuk,TR. 063258701,CV. Laser Group,Parasetamol
Asam Urat Akar Dewi Putri Serbuk,-,"UD. Lazer Group, Lamongan",Parasetamol
Asam Urat Nyeri Tulang Tjap Dua Daun Serbuk,-,"PJ. Brotowali, Solo",Parasetamol
Asam Urat Rheumatik Akar Sirih Serbuk,TR.993200421,"PJ. Inti Sehat, Jateng",Parasetamol
"Asam Urat, Flu Tulang & Pengapuran Buah Merah Serbuk",TR.993728001,"PJ. Buah Alam Papua, Purwokerto",Parasetamol
Darah Tinggi Serbuk,TR.003201871,"CV. Sinar Mujarab, Jateng",Parasetamol
Gatal Eksim Serbuk,TDP.11082600024,"PJ. Sinar Mujarab, Jateng",Parasetamol
Gemuk Sehat PJS Serbuk,TR.993299571,"PJ. Pusaka Jaya Sakti, Cilacap",Parasetamol
Gemuk Sehat SP Serbuk,TR.993299801,"PJ. Sehat Perkasa, Cilacap",Parasetamol
Gemuk Sehat/Ideal Tirta Sehat Serbuk,TR.003202401,"PJ. Tetap Sehat, Cilacap",Parasetamol
Kencing Manis Serbuk,TR.003202342,"PJ. Tetap Sehat, Cilacap",Parasetamol
Kuat Sehat Cap Kuda Liar Serbuk,-,RCK - Jabar,Parasetamol
New Singa Majapahit Serbuk,TR.032490233,PD. Lestari Wiji Dadi,Parasetamol
Pasti Joss Tablet,TR.033227892,"PJ. Mega Raya, Jawa Tengah",Parasetamol
Ramuan Tradisional Sarang Semut plus Sirih Merah Tablet,TR.005201521,"PJ. Cespleng Jaya, Jateng",Parasetamol
Randa Linu (Asam Urat) Serbuk,TR. 043232991,"Kopja Aneka Sari Unit III /PJ. Gunung Sugih, Cilacap",Parasetamol
Samurat Extra Serbuk,TR.053244441,"PJ. Serbat Mustajab, Jateng",Parasetamol
Sehat Boyok Sakit Pinggang Serbuk,TR.063259191,"CV. Sinar Mujarab, Mojokerto",Parasetamol
Sekalor Serbuk,TDP.131935200129,"CV. Sinar Mujarab, Jatim",Parasetamol
Tangkur Buaya Super Kapsul,TR.003201101,"PD. Meringis Sehat, Jateng",Parasetamol
Temu Ginseng Plus Buah Merah Kapsul,TR.003234257,"PJ. Sumber Utama Ginseng, Indonesia",Parasetamol
Turrat Serbuk,TR. 063259201,"IJ. Sinar Mujarab, Mojokerto",Parasetamol
Untabat (Batuk Pilek) Serbuk,310/IKOT/JATIM/IV/06,"CV. Sinar Mujarab, Mojokerto",Parasetamol
Wan Tong Pegal Linu Kapsul,TR. 073375011,"PJ. Herbalindo SM, Indonesia",Parasetamol
Wan Tong Pegal Linu Rheumatik Asam Urat Serbuk,TR. 083275091,"PJ. Herbalindo SM, Indonesia",Parasetamol
Yin Chiao Tablet,TI. 024504951,Cengde Trad. Chinese Medicine Factory,Parasetamol
Lasmi Kapsul,TR. 073372981,"PJ. Herbalindo SM, Indonesia",Sibutramin Hidroklorida
Li Da Dai Dai Hua Jiao Kapsul,-,Kunming Dali Industry & Trade Co. Ltd,Sibutramin Hidroklorida
New Pro Slim Kapsul,TI.054607286,The Third Pharm Manufactory Harbin China,Sibutramin Hidroklorida
Qianjiali Kapsul Pelangsing,TI. 064 322 841,Beijing Medi - Tech Development Co.Ltd.,Sibutramin Hidroklorida
Sera Kapsul,TR. 073372971,"PJ. Herbalindo SM, Indonesia",Sibutramin Hidroklorida
Sulami Kapsul,TR. 073372961,"PJ. Herbalindo SM, Indonesia",Sibutramin Hidroklorida
King Cobra 10x lebih kuat Serbuk,TR.003202234,"PJ. Cobra Ayu, Makassar",Sildenafil Sitrat
Sahe Hiki Kapsul,TR. 063363311,"PT. Sumber Waras Perkasa, Cianjur",Sildenafil Sitrat
Suwe - Xi kapsul,TR.073370291,"PJ. Kaki Langit, Jateng",Sildenafil Sitrat
Tang Pe Fu Serbuk,TI.054236403,"PJ. Alami Makassar, Indonesia",Sildenafil Sitrat
New Idola Kapsul,SD. 031305761,"PT. Pyridam Farma, Cianjur",Tadalafil
Ratax Kapsul,SD. 051324011,"PT. Pyridam Farma, Cianjur",Tadalafil
World Quick-Strong Kapsul,-,World (Tianjin) Nutrition & Health Food Co.Ltd,Tadalafil
Dewi Bulan Capsul Sakit Gigi & Sakit Kepala Cekot-cekot Kapsul,TR.033319202,"PJ. Songgo Geni, Tangerang","Asam Mefenamat, Parasetamol"
Arum Jaya Gemuk Sehat Serbuk,-,"PJ. Arum Jaya, Cilacap",Deksametason
Ramuan Tradisional Remagel Serbuk,TR.053249557,"PJ. Kasturi Dewi, Jateng","Deksametason, Parasetamol"
Asam Urat cap Unta Kapsul,TR.043230731,"PJ. Unta Mas, Indonesia",Fenilbutason
Daun Dewa Kapsul,TR.993200178,PJ. Daun Dewa Makassar,Fenilbutason
Jaya Asli Anrat Serbuk,TR. 053 248 511,"PJ. Jaya Asli, Cilacap",Fenilbutason
Pamong Raga Pegel Linu Serbuk,TR. 003200311,IKOT Kopja Aneka Sari Unit I Cilacap,Fenilbutason
Pegal Linu Cap Putri Sakti Cairan Obat Dalam,TR. 013611911,"H. Moh. Khusni, Banyuwangi",Fenilbutason
Pegal Linu Kalimajaya Serbuk,TR. 003202501,"Drs. H. Moh. Nur Hidayat, Kopja Aneka Sari Unit IX Sifaul Mustajab Cilacap",Fenilbutason
Pegalinu No. 2 Serbuk,TR. 993299521,"PJ. Cipta Rasa, Indonesia",Fenilbutason
Purwoceng Serbuk,TR.993203019,PJ. Sido Waras,Fenilbutason
Salurat Putri Sakti Cairan Obat Dalam,TR. 063660241,"H. Moh. Khusni, Banyuwangi",Fenilbutason
Sari Buana Serbuk,TR. 003201971,"Kopja Aneka Sari Unit VII, Cilacap",Fenilbutason
Sirnakit Serbuk,-,"PJ. Candi Wulan, Banyumas",Fenilbutason
Walet Kembar Asam Urat Serbuk,TR.993205601,"PJ. Kunci Sehat, Cilacap",Fenilbutason
Pegal Linu + Asam Urat Cap Burung Glatik,-,"PD. Sinar Glatik, Jateng","Fenilbutason, Metampiron"
"Asam Urat - Flu Tulang cap Onta Mas, kapsul",-,"PJ. Serambi Super, Cilacap","Fenilbutason, Parasetamol"
"Asam Urat Pegal Linu Cikungunya, Tablet",-,"PJ. Lestari Alam, Jateng","Fenilbutason, Parasetamol"
"Asam Urat Pegal Linu, serbuk",-,PJ. Kumbang Mas,"Fenilbutason, Parasetamol"
"Dewa Ampuh, serbuk",-,"PJ. Pakar Lawang, Cilacap","Fenilbutason, Parasetamol"
"Fong Se Wan, kapsul",-,China,"Fenilbutason, Parasetamol"
"Purba Sentosa Pegal Linu/Rheumatik, serbuk",-,"PJ. Purba Sentosa, Cilacap","Fenilbutason, Parasetamol"
"Asam Urat (Flu Tulang) Akar Sewu, serbuk",-,"PJ. Awujos, Banyumas",Metampiron
"Jaka Suna Gemuk Sehat, serbuk",-,"PJ. Jaka Suna, Cilacap",Metampiron
"Kharisma Sehat Pria dan Wanita, serbuk",-,"PJ. Kharisma, Cilacap",Metampiron
Serbuk Dewa,-,"PJ. Putra Sanjoyo Perkasa, Banyumas",Metampiron
"Sumber Urip Pegal Linu, serbuk",-,"PJ. Sumber Urip, Cilacap",Metampiron
"26 Sakit Pinggang, kapsul",-,"PT. Hari Fatma, Jakarta",Parasetamol
"Akar Sakti Asam Urat Flu Tulang Stroke, Tablet",-,"PJ. Putra Bayutama Sakti, Jateng",Parasetamol
"Asam Urat Flu Tulang Cap Onta, Kapsul",-,"PJ. Serambi Super, Cilacap",Parasetamol
"Asam Urat Flu Tulang Kharisma Sehat, Serbuk",-,"PJ. Kuda Laut, Jateng",Parasetamol
"Cap Sarang Walet, serbuk",-,"PJ. Langgeng Lawet, Cilacap",Parasetamol
"Dua Putri Bayan (Asam Urat), kapsul",-,"PJ. Sehat Mujarab, Cilacap",Parasetamol
"Flu Tulang Pegal Linu Puspita Surya, serbuk",-,"Kopja Aneka Sari, Cilacap",Parasetamol
"Ramuan Cina, Kapsul",-,"PJ. Ramuan Cina, Cilacap",Parasetamol
"Sari Bunga Segar Bugar, Serbuk",-,"PJ. Sari Bunga, Cilacap",Parasetamol
"Sari Jagad Manjur Asam Urat, kapsul",-,"PJ. Sari Bumi, Jakarta",Parasetamol
"Sehat Sentosa Gemuk Sehat, Serbuk",-,"PJ. Sehat Sempurna, Cilacap",Parasetamol
Serbuk Asrema,-,"PJ. Maju Jaya, Cilacap",Parasetamol
Serbuk Halus Asam Urat,-,"PJ. Asuh Raga, Cilacap",Parasetamol
Serbuk Segar Asam,-,"PJ. Kurnia Alam, Cilacap",Parasetamol
"Super Abad 21 Asam Urat Flu Tulang (Walet), serbuk",-,"PJ. Jasa Sejati, Cilacap",Parasetamol
"Sari Jagad Manjur Rheumatik, kapsul",-,"PJ. Sari Sejahtera, Bogor",Prednison
"Langsing Ayu Sing Ayu, kapsul",TR. 053353501,"PJ. Madura Sakti, Semarang",Sibutramin Hidroklorida
"Sela, kapsul",-,PT. Hemacare,Sibutramin Hidroklorida
"Ajib, Kapsul",-,"PJ. Garda Kanoman, Solo",Sildenafil Sitrat
Caligula Kapsul,TR. 053350501,"PJ. Air Madu, Magelang",Sildenafil Sitrat
Cobra X Kapsul,TR. 993 205 621,"PJ. Ragil Sentosa, Cilacap",Sildenafil Sitrat
Hwang Di Shen Dan,TI. 054318931,"Ruifeng Pharmaceutical, Co. Ltd",Sildenafil Sitrat
Kuat Tahan Lama Serbuk,Depkes. TR.147/11-10/2005,"PD. Jamu Moro Sehat, Banjar Negara",Sildenafil Sitrat
Lak Gao 69,TR. 053349861,"PJ. Jaya Sakti Mandiri, Semarang",Sildenafil Sitrat
Lavaria,TR. 063358221,"PT. Rama Farma, Jakarta",Sildenafil Sitrat
Maca Gold,TI. 074324341,"PT. Paramitra Media Perkasa, Jakarta",Sildenafil Sitrat
Okura,TR. 073 371 721,"PT. Herbalindo Sukses Makmur, Tangerang",Sildenafil Sitrat
Otot Madu,TR. 063358181,"PT. Rama Farma, Jakarta",Sildenafil Sitrat
"Bima Kudra, Tablet",-,PJ. Bima Putra,Sildenafil Sitrat
Rama Stamin,TR. 063361071,"PT. Rama Farma, Jakarta",Sildenafil Sitrat
Sari Madu Kapsul,TR. 043103235,PJ. Sari Madu Murni,Sildenafil Sitrat
Sunny Zang Wang Xiong Ying Dan Pil,TI. 034406731,Tibet Yuthog Healthy Product.Co.Ltd,Sildenafil Sitrat
Sunny Zang Wang Xiong Ying Kapsul,TI. 034306751,Tibet Yuthog Healthy Product.Co.Ltd,Sildenafil Sitrat
Teraza,TR. 063361081,"PT. Rama Farma, Jakarta",Sildenafil Sitrat
Top One Kapsul,TR. 043100644,"PJ. Paladipa, Solo",Sildenafil Sitrat
Golden Herbal capsules,TI. 054316541,"Beijing Kowloon Pharmaceutical Factory Beijing, China",Sildenafil Sitrat
Urat Perkasa Kapsul,TR. 001508741,"PJ. SM Jaya, Cilacap",Sildenafil Sitrat
"Kamasutra, Kapsul",-,"PT. Putra Jawa, Surabaya",Sildenafil Sitrat
"Obat Kuat dan Tahan Lama Bulan Madu, kapsul",-,"PJ. Air Madu, Magelang",Sildenafil Sitrat
Obat Kuat dan Tahan Lama Ratu Madu Plus,-,"PJ. Ratu Lebah, Jakarta",Sildenafil Sitrat
"Pria Dewasa Ocema, Kapsul",TR. 053348331,"PJ. Sumber Makmur Mandiri, Semarang",Sildenafil Sitrat
"Zestos, kapsul",TR. 043338931,"PT. Tifar Admanco, Jakarta",Sildenafil sitrat
Stanson,TI. 074325091,"TY Healthcare Product, C. Ltd","Sildenafil Sitrat, Tadalafil"
Ganoderma Capsule,-,Hangzhou Chinese Drug Factory,Siproheptadin
Neo Gemuk Sehat Merk F. Munir,"TR. 993202281, TR. 993202282, TR. 993202283","PJ. F. Munir, Tangerang",Siproheptadin
Blue Moon,TR. 072367741,"PT. Pacific Healthcare Indonesia, Jakarta",Tadalafil
Manovel,SI. 054520691,"Yunnan Pharmaceutical Industrial Co., Ltd. Kunming Zhenhua Pharma. Factory",Tadalafil
Sanomale,SD. 051 322 251,"PT. Pyridam Farma, Cianjur",Tadalafil
Tripoten,SD. 031307461,"PT. Dexa Medica, Palembang",Tadalafil
Zu-Mex,TR. 063356511,"CV. Mega Maju Mekar, Jakarta",Tadalafil
"Cakra Sehat Sesak Nafas, serbuk",-,"Kopja Aneka Sari, Cilacap",Teofilin
"Sesak Nafas, Serbuk",-,"PJ. Surya Sehat, Cilacap",Teofilin
Chuifong Toukuwan Pil,-,"PT. Nanlien Utama Pharmindo, Tangerang",Asam Mefenamat
"Akar Baru Cina, Tablet",-,"PJ. Bayu Segaratama, Jateng",Fenilbutason
"Asam Urat Flu Tulang Cakra Wijaya, serbuk",-,"Kopja Sabuk Kuning, Banyumas",Fenilbutason
"Jasa Agung 2, Serbuk",-,"PJ. Jasa Agung, Cilacap",Fenilbutason
Jawa Dwipa cap Daun Sambiroto Cairan Obat Dalam,-,"UD. Sambiroto, Banyuwangi",Fenilbutason
Pacegin Kapsul Alami,TR. 043336341,"PJ. Akar Pinang, Kuningan",Fenilbutason
"Ramuan Manjur Pas Flu Tulang, serbuk",-,"PJ. Silanba Jaya, Cilacap",Fenilbutason
"Ramuan Shin She, Kapsul",-,"PJ. Alam Tiongkok, Cilacap",Fenilbutason
"Runrat (Asam Urat), Tablet",TR. 001507961,"PJ. Serbuk Manjur Jaya, Cilacap",Fenilbutason
"Sinar Manjur SMR, Serbuk",-,"PJ. Candi Guna Jaya, Cilacap",Fenilbutason
"Sumber Sehat Ambeien Sehat, serbuk",-,"PJ. Sumber Sehat, Cilacap",Fenilbutason
"Sumber Sehat Perempuan, Serbuk",-,"PJ. Sumber Sehat, Cilacap",Fenilbutason
"Asam Urat Untuk Pria dan Wanita, serbuk",-,"PJ. Jaya Mandiri, Cilacap","Fenilbutason, Metampiron"
"Asam Urat Urcid, kapsul",-,"PJ. Surya Sehat, Cilacap","Fenilbutason, Metampiron"
"Asrat Walisongo, serbuk",-,"PJ. Walisongo, Cilacap","Fenilbutason, Metampiron"
"Amargo Jaya Gemuk Sehat, serbuk",-,"PJ. Mujur Jaya, Cilacap","Fenilbutason, Parasetamol"
"Armatik, serbuk",-,"PJ. Delapan Dewa, Cilacap","Fenilbutason, Parasetamol"
"Asam Urat Flu Tulang, serbuk",-,"CV. Mahkota Dewa Ferbindo, Jakarta","Fenilbutason, Parasetamol"
"Asam Urat Sari Pusaka, serbuk",-,"PJ. Sari Pusaka Jaya, Cilacap","Fenilbutason, Parasetamol"
"Buah Mujarab, kapsul",-,"PJ. SM Jaya, Cilacap","Fenilbutason, Parasetamol"
"Cikung Makasar Super, serbuk",-,"PJ. Racikan Makasar, Cilacap","Fenilbutason, Parasetamol"
"Cikung Papua, tablet",-,"PJ. Alam Papua, Cilacap","Fenilbutason, Parasetamol"
"Dewa Manjur 99 Sehat Stamina, serbuk",-,"PJ. Dewa Mega Jaya, Banyumas","Fenilbutason, Parasetamol"
Jaya Asli E 5 Lemah Syahwat Khusus Lelaki,-,"PJ. Jaya Asli, Cilacap","Fenilbutason, Parasetamol"
"Neo Pusaka Mujarab, serbuk",-,"PJ. Pusaka Mujarab, Cilacap","Fenilbutason, Parasetamol"
"Pa Pat Kwa, serbuk",-,"PJ. Sinar Patkwa, Jateng","Fenilbutason, Parasetamol"
"Pegal Linu Guna Sehat, serbuk",-,"PJ. Guna Sehat, Cilacap","Fenilbutason, Parasetamol"
"Ramuan Tradisional Jawa Tiongkok Rheumatik Asam Urat Cap Kembang Dewa Ndaru, serbuk",-,"PJ. Pratama Sehat Perkasa, Jakarta","Fenilbutason, Parasetamol"
"Rema, serbuk",-,"PJ. Guci Mas Abadi, Cilacap","Fenilbutason, Parasetamol"
"Tradisional Jaya Asli Asam Urat, serbuk",-,"PJ. Jaya Asli, Cilacap","Fenilbutason, Parasetamol"
"Asam Urat Flu Tulang cap Kijang Kencana, serbuk",-,"PJ. Sehat Segar Supra, Cilacap",Metampiron
"Asmur Flu Tulang, serbuk",-,"PJ. Serbuk Sari, Cilacap",Metampiron
"Giat Sehat 2, serbuk",-,"PJ. Jampi Jaya, Cilacap",Metampiron
"Kesehatan/Penyembuhan Ronda Mas Jenis A, serbuk",-,"CV. Wijaya Makmur Abadi, Jakarta",Metampiron
"Pegal Linu Sari Walet, serbuk",-,PJ. Sari Walet,Metampiron
"Pegal Linu, serbuk",TR. 993299781,"PJ. Sehat Perkasa, Cilacap",Metampiron
"Ramuan Sehat Jawa Tiongkok, serbuk",-,"PT. Jati Sukses Indonesia, Jakarta",Metampiron
"Sari Mengkudu Asam Urat, serbuk",-,"Sari Mengkudu, Jateng",Metampiron
"Sembur Angin, serbuk",-,"PJ. Abas Jaya, Cilacap",Metampiron
"Sepas (Asma/Batuk) Beijing Brand, serbuk",-,"PT. Langgeng Jaya, Surabaya",Metampiron
"Serba Prima Pegal Linu, serbuk",-,PJ. Rimba Laut,Metampiron
"Asam Urat Flu Tulang Lebah Liar, serbuk",-,"PJ. Sari Pusaka Jaya, Cilacap",Parasetamol
"Asam Urat Citra Madura, kapsul",-,"PT. Citra Fajar Sehat, Surabaya",Parasetamol
"Asam Urat Flu Tulang 9 Dewa, serbuk",-,"PJ. Unta Mas, Cilacap",Parasetamol
"Asam Urat Flu Tulang Pengapuran, tablet",-,"PJ. Bayu Segara Utama, Jateng",Parasetamol
"Berkah Sehat, serbuk",-,"Kopja Aneka Sari, Cilacap",Parasetamol
"Bunga Sari, serbuk",-,"PJ. Bunga Sari, Cilacap",Parasetamol
"Flu Tulang Laba Laba, serbuk",-,"PJ. Dewa Sakti Kalimantan, Banyumas",Parasetamol
"Flu Tulang Lumbung Sewu, serbuk",-,"PJ. Lumbung Jaya, Indonesia",Parasetamol
"Flu Tulang, tablet",-,"PJ. Dwi Jaya, Jateng",Parasetamol
"Gemuk Badan Mahkota Dewa, serbuk",-,"CV. Mahkota Dewa Ferbindo, Jakarta",Parasetamol
"Masuk Angin Flu Sakit Gigi, serbuk",-,"CV. Mahkota Dewa Ferbindo, Jakarta",Parasetamol
"Obat Pegal Linu, Sakit Gigi, tablet",-,"PJ. Alam Makasar, Cilacap",Parasetamol
"Obat Pegel Linu, Ngilu Tulang, serbuk",-,"PJ. Racikan Makasar, Cilacap",Parasetamol
"Pegal Linu Akar Mujarab, serbuk",-,"PJ. Akar Srongsong Mekar / PJ. Akar Mujarab, Cilacap",Parasetamol
"Pegal Linu Encok Rematik, serbuk",-,"CV. Mahkota Dewa Ferbindo, Jakarta",Parasetamol
"Pegal Linu Langgeng Sentosa, serbuk",-,"PJ. Langgeng Semangat, Cilacap",Parasetamol
"Pegal Linu SP, serbuk",-,"PJ. Segar Prima, Cilacap",Parasetamol
"Raga Sakti Asam Urat, serbuk",-,"PJ. Gading Kencana, Cilacap",Parasetamol
"Ramuan Tiongkok (Asam Urat, Flu Tulang, Rematik, Sakit Gigi), serbuk",-,"PJ. Ramuan Tiongkok, Cilacap",Parasetamol
"Sehat Stamina, serbuk",-,"PJ. Dewa Mega Jaya, Banyumas",Parasetamol
"Instant Kuat Khusus Pria, serbuk",-,"PJ. Akar Mukjizat, Kudus",Piroksikam
"Langsing Alami, kapsul",-,"PT. Hema Care, Indonesia",Sibutramin Hidroklorida
"Slimming untuk Pria dan Wanita, kapsul",-,"PT. Hema Care, Indonesia",Sibutramin Hidroklorida
"Astirex, kapsul",-,PJ. Sinar Makmur,Sildenafil Sitrat
"G Bucks, kapsul",TI. 054316531,"Beijing Kawloon Pharmaceutical Factory,China",Sildenafil Sitrat
"Hot Pens, kapsul",-,"PJ. Berkah Jaya, Surabaya",Sildenafil sitrat
"Lion Gold APA, kapsul",-,"Kopja Sabuk Kuning, Banyumas",Sildenafil Sitrat
"Neo Tasama, kapsul",-,"Kopja Sabuk Kuning, Banyumas",Sildenafil Sitrat
"Obat Kuat dan Tahan Lama Khusus untuk Pria Dewasa, tablet",-,PJ. Singa Laut,Sildenafil Sitrat
"Raja Kuat, kapsul",-,"CV. Nutrifarm Healthindo, Surabaya",Sildenafil Sitrat
"Tanduk Rusa Kuat Lelaki, kapsul",-,"PJ. Multi Sari Manjur, Banjarmasin",Sildenafil Sitrat
"Urat Madu, kapsul",-,"PJ. Air Madu, Malang",Sildenafil sitrat
"Xing Shi Jiu, Cairan Obat Dalam",TI. 034608051,Shandong Yasheng Biotech. Co. Ltd. China,Sildenafil Sitrat
"Campur Sari, serbuk",-,PJ. Sugi Aladin,Teofilin
"Jasa Temu 7, serbuk",-,"PJ. Jasa Agung, Cilacap",Teofilin
"Asam Urat & Flu Tulang Samlin, serbuk",-,"Kopja Sabuk Kuning, Banyumas",Allupurinol
"Amargo Jaya Ramuan Madura, serbuk",-,"PJ. Mujur Jaya, Cilacap",CTM
"Pusaka Pil Gatal, tablet",-,"PJ. Bintang Dua, Cilacap",CTM
"Gemuk Sehat, serbuk",-,"PJ. Bunga Sari, Cilacap","Deksametason, Fenilbutason"
"Antanan, kapsul",-,PJ. Tiara Cipta Usaha,"Deksametason, Fenilbutason, Parasetamol"
"Antik, kaplet",-,"PJ. Serbuk Manjur Jaya, Cilacap",Fenilbutason
"Asam Urat Cap Unta, serbuk",-,"PJ. Unta Mas, Cilacap",Fenilbutason
"Asam Urat Flu Tulang Saiful Jaya, serbuk",-,"PJ. Dua Putra Bersaudara, Cilacap",Fenilbutason
"Asam Urat Flu Tulang, kapsul",-,"Kopja Sabuk Kuning, Banyumas",Fenilbutason
"Asam Urat Pegal Linu Gholin, kapsul",-,"PJ. Gholin Jaya Indonesia, Cilacap",Fenilbutason
"Asam Urat Untuk Pria dan Wanita, serbuk",-,"PJ. Mutia Sehat, Cilacap",Fenilbutason
"Asam Urat, serbuk",-,"PJ. Delapan Dewa, Cilacap",Fenilbutason
"Asmur (Mahkota Dewa Plus Ginseng), serbuk",TR. 033228621,"PJ. Serbuk Sari, Cilacap",Fenilbutason
"Daun Dewa, serbuk",-,"PJ. Daun Dewa Alami, Cilacap",Fenilbutason
"Eksim, cairan obat dalam",-,"PJ. Jawa Asli Cap Widoro Putih, Banyuwangi",Fenilbutason
"Extra Fit, serbuk",-,"PJ. Kurnia, Jateng",Fenilbutason
"Jassegar 151, serbuk",TR. 993203361,"PJ. Payung Raga 151, Cilacap",Fenilbutason
"Manjur Gemuk Sehat, serbuk",-,"PJ. Serbuk Manjur, Cilacap",Fenilbutason
"Multiguna No. 2 Asam Urat, serbuk",-,"PJ. Segar Alam, Cilacap",Fenilbutason
"Obat Kuat Viagra, serbuk",-,"PJ. Jaya Dipa, Cilacap",Fenilbutason
"Pegal Linu, serbuk",TR 993299431,"PJ. Serbuk Berkhasiat, Cilacap",Fenilbutason
"Pegel Linu Cap Widoro Putih, cairan obat dalam",-,"PJ. Duta Prima, Banyuwangi",Fenilbutason
"Primadona Pegal Linu, serbuk",-,"PJ. Primadona, Cilacap",Fenilbutason
"Prono Jiwo, cairan obat dalam",-,"CV. Prono Jiwo, Banyuwangi",Fenilbutason
"Ramuan Madura Tebu Wulung, serbuk",-,"PJ. Mujur Jaya, Solo",Fenilbutason
"Rheumatik / Encok, serbuk",-,PJ. Muji Sehat,Fenilbutason
"Sehat Bugar 151, serbuk",TR. 993200451,"PJ. Payung Raga 151, Cilacap",Fenilbutason
"Sing Anyar Ramuan Madura, serbuk",-,"PJ. Anyar Sehat, Cilacap",Fenilbutason
"Tradisional Subur Sehat Asam Urat, Flu Tulang, Pegal Linu Paling Lama, serbuk",-,"PJ. Subur Sehat, Cilacap",Fenilbutason
Arma Sin Gang San Langsing Ayu,-,"Produksi Jawa Tengah, distributor PT.W di Jkt",Sildenafil Sitrat
"Jamu Kuat dan Tahan Lama Kuda Mas, kapsul",TR. 0243511472,"PJ. Makmur Abadi, Jatim",Sildenafil Sitrat
"Jamu Kuat Perkasa Spontan-On, kapsul",TR. 023435732,"PJ. Sinar Wahyu, Sumbar",Sildenafil Sitrat
"Jamu Pasihol Andalan Pria Perkasa, kapsul",TR. 003202301,PJ. Khasiat Makasar,Sildenafil Sitrat
"Jamu Sehat Pria Seki, Samiaji, kapsul",TR. 003202221,"Kopja Aneka Sari, Cilacap",Sildenafil Sitrat
"Obat Kuat Andalan Pria Dewasa Bali-Bali, kapsul",TR. 023541832,"PJ. Madura Sakti, Semarang",Sildenafil Sitrat
"Obat Kuat Andalan Pria Merk Bali-Bali, kapsul",TR. 2336457108,"PT. Jaya Makmur, Bandung",Sildenafil Sitrat
"Obat Kuat dan Tahan Lama Busur Perkasa, kapsul",TR. 893518901,"PJ. Bangun Sukses Perkasa, Denpasar",Sildenafil Sitrat
"Obat Kuat dan Tahan Lama Pegasus Kuda Terbang, kapsul",TR. 024341572,"PJ. Alam Sehat, Jabar",Sildenafil Sitrat
"Obat Kuat dan Tahan Lama X-Mas, (di hanger tertulis Klimax), kapsul",TR. 048277503,PJ. Great Herb. Indonesia,Sildenafil Sitrat
"Obat Kuat Pria Dewasa Pastigra, kapsul",TR. 042583361,Hema Care,Sildenafil Sitrat
"Obat Kuat Spider, kapsul",TR. 9935758412,"PJ. Sinar Makmur, Madura",Sildenafil Sitrat
"Obat Penambah Vitalitas Pria Scorpion, kapsul",TR. 202568335,"PJ. Sinar Makmur, Madura",Sildenafil Sitrat
"Penambah Vitalitas dan Gairah Sex Vi-Gra, kapsul",TR. 022341563,Hema Care,Sildenafil Sitrat
Tablet Cobra Laut,TR. 003200621,"PJ. Tawon Api Makassar Kopja Sabuk Kuning, Banyumas",Sildenafil Sitrat
"Tablet Pas-Tipas, Obat Kuat dan Tahan Lama",-,"PJ. Drs. Narpan, Cilacap",Sildenafil Sitrat
Jaya Sari Serbuk No. 7 / Sesak Napas,TR. 993203791,"PJ Jaya Sari, Cilacap","Antalgin, Teofilin, Kafein"
"Karomah Sehat, serbuk",TR. 993200891,"PJ. Serbuk Super / Subur Sejati, Cilacap","Fenilbutason, Kafein"
Super Partner Sapu Angin,-,"PJ. Aji Bagus Waras, Cilacap","Fenilbutason, Kafein"
"Ginseng Remujung Super Puteri Sari, serbuk",-,"PJ. Akar Maya M Subhi H. Ch, Banyumas","Fenilbutason, Parasetamol"
Pegal Linu Akar Tanjung,TR. 993202571,"PJ. Kopja Sabuk Kuning Unit I, Banyumas","Fenilbutason, Parasetamol, Piroksikam"
Pegal Linu Akar Tanjung,TR. 993202571,"PJ. Kopja Sabuk Kuning Unit I, Banyumas","Fenilbutason, Parasetamol, Piroksikam"
Sehat Segar Akar Tunggal Rumput Laut,-,"PJ. Akar Tunggal, Cilacap","Fenilbutason, Prednison"
"Sesak Nafas, serbuk",TR. 983292371,"PJ. Serbuk Super / Subur Sejati, Cilacap","Kafein, Teofilin"
"Darah Tinggi No. 6, serbuk",TR. 953277931,"PJ. Suharto Jaya Dipa, Bandung",Furosemid
Pelangsing Susut Perut 151 (3),-,"PJ. Serbuk Akar Rimba, Cilacap",Furosemid
Serbuk Manjur Langsingset,TR. 993298451,"PJ. Serbuk Manjur Jaya, Cilacap",Furosemid
"Tanggul Darah, serbuk",TR. 983292371,"PJ. Serbuk Super / Subur Sejati, Cilacap","Kafein, Teofilin"
Asma,-,"PJ. Raga Super, Cilacap",Parasetamol
Cap Lebah Sakti,-,"PJ. L. Sewu Jawa, Kopja Aneka Sari, Cilacap",Parasetamol
"Inti Mujarab Asam Urat, serbuk",-,"PJ. Inti Mujarab, Kopja Aneka Sari, Cilacap",Parasetamol
"Inti Mujarab, serbuk",-,"PJ. Inti Mujarab, Kopja Aneka Sari, Cilacap",Parasetamol
"Merlin Pelangsing Tubuh Natural, tablet",-,"PJ. Air Pusaka Kaligadung, Banyumas",Parasetamol
Rematik Purba Salam (Rematik/Sakit Pinggang),-,"PJ. Sabuk Kuning, Banyumas",Parasetamol
Rheumatik / Encok,-,"PJ. Raga Super, Cilacap",Parasetamol
"Rheumatik Dewa Manjur 99, serbuk",-,"PJ. Dewa Mega Jaya, Kopja Sabuk Kuning Unit IV, Banyumas",Parasetamol
Tablet Obat Kuat + Ragel Linu Lawang Sewu,-,"PJ. Drs Narpan Kopja Aneka Sari, Cilacap",Parasetamol
Gemuk Sehat Lawang Sewu,TR. 003200791,"PJ. Kopja Aneka Sari Unit III, Cilacap","Parasetamol, Piroksikam"
Gemuk Sehat Lawang Sewu,TR. 003200791,"PJ. Kopja Aneka Sari Unit III, Cilacap","Parasetamol, Piroksikam"
"Khusus Pria Perkasa, cairan",-,"Pondok Pesantren Yayasan Sunan Kalijogo, Pakuncen Patian Rowo, Nganjuk","Parasetamol, Piroksikam"
Pegal Linu Flu Tulang Mustika Ginseng,-,"Drs Narpan Kopja Aneka Sari, Cilacap",Piroksikam
"Tradisional Daun Ajaib, cairan",-,"UD. Daun Ajaib, Banyuwangi",Piroksikam
"Benrexy, kapsul",TR. 992398831,PT. Dua Putri Dewi Surabaya,Sildenafil Sitrat
"Asma No. 7, serbuk",TR. 953277921,"PJ. Suharto Jaya Dipa, Bandung",Teofilin
"Sesak Nafas No. 7, serbuk",TR. 993298351,"PJ. Serbuk Manjur Jaya, Cilacap",Teofilin
Sesak Napas & Batuk Purba Salam,-,"PJ. Sabuk Kuning, Banyumas",Teofilin
Sesak Napas Genta Jaya (7),-,"PJ. Sabuk Kuning, Banyumas",Teofilin
Akar Pinang,-,PJ. Langgeng Sehat,Antalgin
Pegal Linu Serbuk Berkhasiat,TR. 993204101,"PJ. Serbuk Berkhasiat, Cilacap",Antalgin
"Kuat Lelaki No. 5, serbuk",TR. 933268111,"PJ. Suharto Jaya Dipa, Bandung",Antalgin
Pegal Linu Cap Liur Walet,TR. 993202771,"PJ. Kopja Sabuk Kuning Unit II, Banyumas",Antalgin
Pegal Linu No. 2,TR. 993205441,"PJ. Serbuk Ratu, Cilacap",Antalgin
Pegal Linu Serbuk Berkhasiat,TR. 993204101,"PJ. Serbuk Berkhasiat, Cilacap",Antalgin
"Pegal Linu, cairan",-,"PJ Cap Sari Alam, Banyuwangi",Antalgin
Ramuan Rempah Jaya No. 1 (satu),-,"PJ. Rempah Jaya, Cilacap",Antalgin
Rheumatik / Encok Jaya,-,"PJ. Jaya Guna, Cilacap",Antalgin
Rheumatik No. 2,-,"PJ. Jaya Husada, Tuban",Antalgin
"Runrah, serbuk",TR. 983298111,"PJ. Candi Mas Purba Salma, Cilacap",Antalgin
Serbuk Bunga Tanjung,-,"PJ. Pamijahan, Cilacap",Antalgin
Serbuk Manjur Sehat Laki-laki,TR. 993298411,"PJ. Serbuk Manjur Jaya, Cilacap",Antalgin
Sir Angin Kaplet,TR. 001508721,"PJ. Serbuk Manjur Jaya, Cilacap",Antalgin
Super Rheumatik No. 2,-,"PJ. Ragil Sentosa, Cilacap",Antalgin
Serbuk Manjur Antik,TR. 993298371,"PJ. Serbuk Manjur Jaya, Cilacap","Antalgin, CTM, Fenilbutason"
Jarem (Encok),TR. 993299881,"PJ. Sari Alam, Cilacap","Antalgin, Deksametason, Fenilbutason"
Pegal Linu (Anti Rheumatik Cien Sen San),TR. 993200491,"PJ. Jaya Asli, Cilacap","Antalgin, Deksametason, Fenilbutason"
Akar Lawang Stamina Super Prima,-,"PJ. Prima Jaya, Banyumas","Antalgin, Fenilbutason"
Serbuk No. 2 (Rheumatik) / Ragel,TR. 9832292071,"PJ. Candi Mas Purba Salma, Cilacap","Antalgin, Fenilbutason"
"Ganggang Laut, serbuk",TR. 003007253,"PJ. Kopja Sabuk Kuning Unit IV, Banyumas","Antalgin, Fenilbutason"
Akar Lawang Stamina Super Prima,-,"PJ. Prima Jaya, Banyumas","Antalgin, Fenilbutason"
Tawon Api Tablet,-,"PJ. Tawon Api Makassar Kopja Sabuk Kuning, Banyumas","Antalgin, Fenilbutason"
"Ganggang Laut, serbuk",-,"PJ. Kopja Sabuk Kuning, Banyumas","Antalgin, Fenilbutason"
Serbuk Pegal Linu Akar Pribumi,TR. 993202891,"PJ. Akar Pribumi, Kopja Sabuk Kuning Unit III, Cilacap","Antalgin, Fenilbutason"
"Tawon Api, tablet",-,"PJ. Tawon Api Makasar, Kopja Sabuk Kuning, Banyumas","Antalgin, Fenilbutason"
Multiguna Serbuk / Nyeri Tulang,TR. 993203391,"PJ. Pakar Jaya, Cilacap","Antalgin, Fenilbutason, Parasetamol"
Multiguna Serbuk / Nyeri Tulang,TR. 993203391,"PJ. Pakar Jaya, Cilacap","Antalgin, Fenilbutason, Parasetamol"
Pegal Linu Plus Rempah Pribumi,TR. 003201591,"PJ. Inti Mujarab (Kopja Aneka Sari Unit VI), Cilacap","Antalgin, Fenilbutason, Parasetamol"
"Kitla, serbuk",TR. 983292091,"PJ. Candi Mas Purba Salma, Cilacap","Antalgin, Talbutamid, Klorpropamid"
"Sesak Napas, serbuk",TR. 983292121,"PJ. Candi Mas Purba Salma, Cilacap","Antalgin, Teofilin"
Pusaka Pil Gatal,-,"Kopja Aneka Sari, Cilacap",CTM
Ular Sakti Tablet Gatal,-,"PJ. Tawon Api, Kopja Sabuk Kuning, Banyumas",CTM
"Gajah Mada, serbuk",-,"PJ. Bintang Mahkota, Cirebon","CTM, Deksametason"
Kuat Pria serbuk (5),TR. 983292101,"PJ. Candi Mas Purba Salma, Cilacap","Antalgin, Fenilbutason, Kafein, Metiltestosteron"
Kuat Pria Serbuk (5),TR. 983292101,"PJ. Candi Mas Purba Salma, Cilacap","Antalgin, Fenilbutason, Kafein, Metiltestosteron"
Sehat Segar,TR. 993200901,"PJ. Prima Duta, Cilacap","Antalgin, Kafein"
Ramuan Tradisional Madura,-,"CV. Wahyu Illahi, Sumenep",Deksametason
Serbuk No. 1 (Gemuk),TR. 983292061,"PJ. Candi Mas Purba Salma, Cilacap",Deksametason
"Kesehatan Pegal Linu Al Qomar, cairan dan tablet",-,"Pondok Pesantren Yayasan Sunan Kalijogo, Pakuncen Patian Rowo, Nganjuk","Deksametason, BIC Natric, Piroksikam"
"Pay Na Ran, serbuk",TR. 99329981,"PJ. Sinar Laba-laba, Cilacap","Deksametason, Fenilbutason"
"Anti Loyo Al Qomar, cairan dan tablet",-,"Pondok Pesantren Yayasan Sunan Kalijogo, Pakuncen Patian Rowo, Nganjuk","Deksametason, Fenilbutason, Gliseril Guayakolat"
Sehat Segar,TR. 993200901,"PJ. Prima Duta, Cilacap","Antalgin, Kafein"
"Amrat, serbuk",TR. 993299221,"PJ. Serbuk Super / Subur Sejati, Cilacap","Antalgin, Kafein, Fenilbutason"
Sehat Badan Mega Cemerlang,TR. 013211091,"CV. Mega Cemerlang, Karawang","Deksametason, Parasetamol"
Sehat Badan Mega Cemerlang,TR. 013211091,"CV. Mega Cemerlang, Karawang","Deksametason, Parasetamol"
"Penenang No. 11, serbuk",TR. 933268091,"PJ. Suharto Jaya Dipa, Bandung",Diazepam
Jaya Sari Serbuk No. 7 / Sesak Napas,TR. 993203791,"PJ. Jaya Sari, Cilacap","Antalgin, Teofilin, Kafein"
"Arma Sin Gang San, serbuk",TR. 993229531,"PJ. Berkas SS, Cilacap",Fenilbutason
Arma Sin Gang San,-,"PJ. Berkah SS, Cilacap",Fenilbutason
Mande Raga Kembar Hormon No. 5,-,"PJ. Mande Raga Putri Kembar, Cilacap",Fenilbutason
Pegal Linu Langgeng,TR. 993205321,"PJ. Langgeng Sentosa, Cilacap",Fenilbutason
Pegal Linu Serbuk Pusaka Jaya,TR. 993299581,"PJ. Pusaka Jaya, Cilacap",Fenilbutason
"Penyegar Badan (Shin She), kapsul",TR. 993396971,"PT Kingsindo Farmatama, Jakarta",Fenilbutason
Serbuk Manjur Sehat Perempuan,TR. 993200871,"PJ. Serbuk Manjur Jaya, Cilacap",Fenilbutason
Serbuk No. 3 (Pelangsing),TR. 983292081,"PJ. Candi Mas Purba Salma, Cilacap",Fenilbutason
Sinar Manjur 99 (encok/Rheumatik),-,"PJ. Sinar Manjur 99, Cilacap",Fenilbutason
Sinar Manjur 99 (sirkit),-,"PJ. Sinar Manjur 99, Cilacap",Fenilbutason
"Darah Tinggi No. 6, serbuk",TR. 953277931,PJ. Suharto Jaya Dipa,Furosemid
Serbuk Manjur Langsingset,TR. 993298451,PJ. Serbuk Manjur Jaya,Furosemid
"Pi Yen Chin, cairan",-,China,Naphazolin
"Ocustilla Bainetini, tetes mata",-,China,Natrium Klorida
"Shen Chu Cha, serbuk",-,Guang Zhou,Parasetamol
"Zhu Po Baoying Dan, serbuk",-,Wu Zhou Drug Manufactory Guanxi,Parasetamol
Tablet Obat Kuat + Ragel Linu Lawang Sewu,-,PJ. Drs. Narpan Kopja Aneka Sari,Parasetamol
"Gentian Rheumatism, serbuk",-,Hainan China,Prednison
"Asma No. 7, serbuk",TR. 953277921,PJ. Suharto Jaya Dipa,Teofilin
"Sesak Nafas No. 7, serbuk",TR. 993298351,PJ. Serbuk Manjur Jaya,Teofilin
"Kuat Lelaki No. 5, serbuk",TR. 933268111,PJ. Suharto Jaya Dipa,Antalgin
Pegal Linu Cap Liur Walet,TR. 993202771,Kopja Sabuk Kuning Unit II,Antalgin
Pegal Linu No. 2,TR.993205441,PJ. Serbuk Ratu,Antalgin
"Shi Zhi Reqing Repian, tablet",-,Fukien Drug Manufactory,Antalgin
"Rheumatik/ Encok Jaya Guna, serbuk",-,PJ. Jaya Guna,Antalgin
"Runrah, serbuk",TR. 983298111,PJ. Candi Mas Purba Salma,Antalgin
Serbuk Bunga Tanjung,-,PJ. Pamijahan,Antalgin
Serbuk Manjur Sehat Laki-laki,TR. 993298411,PJ. Serbuk Manjur Jaya,Antalgin
Sir Angin Kaplet,TR. 001508721,PJ. Serbuk Manjur Jaya,Antalgin
Super Rheumatik No. 2,-,PJ. Ragil Sentosa,Antalgin
Serbuk Manjur Antik,TR. 993298371,PJ. Serbuk Manjur Jaya,"Antalgin, CTM, Fenilbutason"
Jarem (Encok),TR. 993299881,PJ. Sari Alam,"Antalgin, Deksametason, Fenilbutason"
Pegal Linu (Anti Rheumatik Cie Sen San),TR. 993200491,PJ. Jaya Asli,"Antalgin, Deksametason, Fenilbutason"
Akar Lawang Stamina Super Prima,-,PJ. Prima Jaya,"Antalgin, Fenilbutason"
Akar Lawang Super Prima,-,PJ. Prima Jaya,"Antalgin, Fenilbutason"
"Kong Fulin, Kapsul",-,Kwang Cow Pharm Co,"Antalgin, Fenilbutason"
Serbuk No. 2 (Rheumatik),TR. 983292071,PJ. Candi Mas Purba Salma,"Antalgin, Fenilbutason"
Serbuk Pegal Linu Akar Pribumi,TR. 993202891,"PJ. Akar Pribumi, Kopja Sabuk Kuning Unit III","Antalgin, Fenilbutason"
"Amrat, serbuk",TR. 993299221,PJ. Serbuk Super / Subur Sejati,"Antalgin, Kafein, Fenilbutason"
"Cornu Antelopis Fastact Cold, kapsul",-,China,"CTM, Kafein, Parasetamol"
Pegal Linu Plus Rempah Pribumi,TR. 003201591,PJ. Inti Mujarab (Kopja Aneka Sari Unit VI),"Antalgin, Fenilbutason, Parasetamol"
"Karomah Sehat, serbuk",TR. 993200891,PJ. Serbuk Super / Subur Sejati,"Fenilbutason, Kafein"
"Galian Rapet, serbuk",TR. 993299231,PJ. Serbuk Super / Subur Sejati,Kafein
"Phostose, cairan",-,China,Kafein
Serbuk Manjur Gemuk Sehat,TR. 993298331,PJ. Serbuk Manjur Jaya,Kafein
"Kitla, serbuk",TR. 983292091,PJ. Candi Mas Purba Salma,"Antalgin, Talbutamid, Klorpropamid"
"Sesak Napas, serbuk",TR. 983292121,PJ. Candi Mas Purba Salma,"Antalgin, Teofilin"
Serbuk Manjur Sir Angin,TR. 001508721,PJ. Serbuk Manjur Jaya,Kafein
"Sesak Nafas, serbuk",TR. 983292371,PJ. Serbuk Super / Subur Sejati,"Kafein, Teofilin"
"Huo Tuo Feng Tong Bao, kapsul",-,China National Medicine Health Product,Asam Mefenamat
"Shaolin, kapsul",-,Hainan China,Asam Mefenamat
"Oculentum Whole Brand, salep",-,China,Boraks
"Snake Itch Removing Pills, kapsul",-,China National Medicine Health Product,CTM
"Suxiao Shangfeng Jiaonang, kapsul",-,China,CTM
"Gajah Mada, Serbuk",-,"PJ Bintang Mahkota, Cirebon","CTM, Deksametason"
"Tanggul Darah, serbuk",TR. 983292371,PJ. Serbuk Super / Subur Sejati,"Kafein, Teofilin"
"Cartussin Cough, sirup",-,Shanghai Pharmaceutical Ind. Corp.,"CTM, Glyceryl Guaiacolat"
Serbuk No. 1 (Gemuk),TR. 983292061,PJ. Candi Mas Purba Salma,Deksametason
"Pay Na Ran, serbuk",TR. 99329981,PJ. Sinar Laba-laba,"Deksametason, Fenilbutason"
"Penenang No. 11, serbuk",TR. 933268091,PJ. Suharto Jaya Dipa,Diazepam
"Ancom, tablet",-,Shanghai Pharmaceutical,"Diazepam, Reserpin, Vit. B1, Vit B6"
"Chui Fong Tou Ku Wan, pil",-,Nanlien Pharm. Co Ltd,Fenilbutason
"Gentian Rheumatism, kapsul",-,Tiong Hwa Herbal Manufactures,Fenilbutason
"Pegal Linu Langgeng Sentosa, serbuk",TR .993205321,PJ. Langgeng Sentosa,Fenilbutason
Pegal Linu Serbuk Pusaka Jaya,TR. 993299581,PJ. Pusaka Jaya,Fenilbutason
Yunan Flu Pil,-,China,Fenilbutason
Serbuk Manjur Sehat,TR. 993200871,PJ. Serbuk Manjur Jaya,Fenilbutason
Serbuk No. 3 (Pelangsing),TR. 983292081,PJ. Candi Mas Purba Salma,Fenilbutason
